{
  "config": {
    "crf_args": {
      "algorithm": "lbfgs", 
      "c1": 0.1, 
      "c2": 0.1
    }, 
    "data_augmentation_config": {
      "add_builtin_entities_examples": false, 
      "capitalization_ratio": 0, 
      "min_utterances": 200
    }, 
    "feature_factory_configs": [
      {
        "args": {
          "common_words_gazetteer_name": "top_10000_words_stemmed", 
          "language_code": "en", 
          "n": 1, 
          "use_stemming": true
        }, 
        "factory_name": "ngram", 
        "offsets": [
          -2, 
          -1, 
          0, 
          1, 
          2
        ]
      }, 
      {
        "args": {
          "common_words_gazetteer_name": "top_10000_words_stemmed", 
          "language_code": "en", 
          "n": 2, 
          "use_stemming": true
        }, 
        "factory_name": "ngram", 
        "offsets": [
          -2, 
          1
        ]
      }, 
      {
        "args": {}, 
        "factory_name": "is_digit", 
        "offsets": [
          -1, 
          0, 
          1
        ]
      }, 
      {
        "args": {}, 
        "factory_name": "is_first", 
        "offsets": [
          -2, 
          -1, 
          0
        ]
      }, 
      {
        "args": {}, 
        "factory_name": "is_last", 
        "offsets": [
          0, 
          1, 
          2
        ]
      }, 
      {
        "args": {
          "language_code": "en", 
          "n": 1
        }, 
        "factory_name": "shape_ngram", 
        "offsets": [
          0
        ]
      }, 
      {
        "args": {
          "language_code": "en", 
          "n": 2
        }, 
        "factory_name": "shape_ngram", 
        "offsets": [
          -1, 
          0
        ]
      }, 
      {
        "args": {
          "language_code": "en", 
          "n": 3
        }, 
        "factory_name": "shape_ngram", 
        "offsets": [
          -1
        ]
      }, 
      {
        "args": {
          "collections": {
            "entity_id": [
              "gate", 
              "electr toothbrush", 
              "valv", 
              "humid", 
              "ceil fan", 
              "cloth iron", 
              "webcam", 
              "stove", 
              "occupancy", 
              "fridg", 
              "all system", 
              "pipe", 
              "cool", 
              "cloth dryer", 
              "kenmore applianc", 
              "oven", 
              "air ioniser", 
              "gate", 
              "sensor", 
              "air condit", 
              "blender", 
              "major applianc", 
              "hose", 
              "smoke detector", 
              "light", 
              "juicer", 
              "septic tank", 
              "leak sensor", 
              "air condit", 
              "window", 
              "lamp", 
              "water heater", 
              "system", 
              "alarm clock", 
              "air qualiti", 
              "blinds", 
              "samovar", 
              "proximity", 
              "present", 
              "webcam", 
              "rice cooker", 
              "safe", 
              "food processor", 
              "spring scale", 
              "vibration sensor", 
              "safe", 
              "shade", 
              "fridg", 
              "motion", 
              "air qualiti sensor", 
              "carbon monoxide detector", 
              "small applianc", 
              "fan", 
              "secur system", 
              "kitchenaid", 
              "door lock", 
              "light sensor", 
              "bathtub", 
              "samovar", 
              "secur", 
              "valv", 
              "hous alarm", 
              "fish tank", 
              "humid sensor", 
              "secur", 
              "waffle iron", 
              "presenc", 
              "cooler", 
              "swift", 
              "humid", 
              "shutter", 
              "backdoors", 
              "leak sensor", 
              "air purifier", 
              "proximity sensor", 
              "air conditioner", 
              "secur", 
              "servic door", 
              "system", 
              "pollut sensor", 
              "temperatur", 
              "kitchen stove", 
              "heat gun", 
              "microwav oven", 
              "globe valv", 
              "camera", 
              "cooler", 
              "hous alarm", 
              "backdoor", 
              "cloth dryer", 
              "sew machin", 
              "ip camera", 
              "magic chef", 
              "exhaust hood", 
              "water sensor", 
              "curtains", 
              "rice cooker", 
              "door", 
              "radiator", 
              "drapes", 
              "garbag dispos unit", 
              "alarm clock", 
              "camera", 
              "microwav", 
              "air qualiti sensor", 
              "ceil fan", 
              "water heater", 
              "alarm system", 
              "kitchenaid", 
              "batteri charger", 
              "fish tank", 
              "sensor", 
              "hose", 
              "shutters", 
              "floor buffer", 
              "light", 
              "cover", 
              "mixer", 
              "all system", 
              "locker", 
              "lamp", 
              "sink", 
              "sensor", 
              "fire detector", 
              "swift", 
              "lock", 
              "pollut", 
              "blind", 
              "webcam", 
              "climat", 
              "humid", 
              "vacuum cleaner", 
              "secur", 
              "electr kettle", 
              "stove", 
              "shade", 
              "mixer", 
              "motion", 
              "secur camera", 
              "deep fryer", 
              "storag water heater", 
              "condensing boiler", 
              "servic door", 
              "occupi", 
              "pollut", 
              "blind", 
              "heater", 
              "electr toothbrush", 
              "thermostat", 
              "presenc", 
              "garbag dispos unit", 
              "convection oven", 
              "bath", 
              "light", 
              "lamp", 
              "secur system", 
              "storag water heater", 
              "basin", 
              "curtain", 
              "water sensor", 
              "condensing boiler", 
              "coffeemaker", 
              "ice cream maker", 
              "major applianc", 
              "water tank", 
              "temperatur", 
              "waffle iron", 
              "mangle", 
              "water tank", 
              "septic tank", 
              "detect", 
              "occupancy", 
              "backdoor", 
              "cool", 
              "camera", 
              "moistur", 
              "proximity sensor", 
              "curtain", 
              "basin", 
              "air purifier", 
              "refriger", 
              "sink", 
              "pollut sensor", 
              "curtains", 
              "dishwasher", 
              "toaster", 
              "heat gun", 
              "globe valv", 
              "drapes", 
              "floor buffer", 
              "bread machin", 
              "fan", 
              "dishwasher", 
              "shutter", 
              "switch", 
              "air conditioner", 
              "air ioniser", 
              "toilet", 
              "motion sensor", 
              "present", 
              "media", 
              "heater", 
              "electr kettle", 
              "tank", 
              "smoke detector", 
              "chafing dish", 
              "detect", 
              "bath", 
              "hair dryer", 
              "locker", 
              "camera", 
              "food processor", 
              "pollut level", 
              "barbecue grill", 
              "secur camera", 
              "bathtub", 
              "mangle", 
              "proximity", 
              "moistur level", 
              "ip camera", 
              "toilet", 
              "ac", 
              "door", 
              "cloth iron", 
              "sensor", 
              "vibration sensor", 
              "lock", 
              "pipe", 
              "valv", 
              "bread machin", 
              "microwav", 
              "backdoors", 
              "window", 
              "gate", 
              "sew machin", 
              "kenmore applianc", 
              "moistur", 
              "magic chef", 
              "exhaust hood", 
              "door", 
              "light sensor", 
              "occupi", 
              "blinds", 
              "coffeemaker", 
              "spring scale", 
              "air qualiti", 
              "radiator", 
              "instant hot water dispenser", 
              "chafing dish", 
              "media", 
              "moistur level", 
              "toaster", 
              "carbon monoxide detector", 
              "alarm system", 
              "instant hot water dispenser", 
              "lamp", 
              "deep fryer", 
              "door", 
              "gate", 
              "furnace", 
              "shutters", 
              "barbecue grill", 
              "ice cream maker", 
              "tank", 
              "microwav oven", 
              "juicer", 
              "vacuum cleaner", 
              "alarm", 
              "convection oven", 
              "humid", 
              "hair dryer", 
              "mechan fan", 
              "secur camera", 
              "boiler", 
              "shade", 
              "kitchenaid", 
              "door lock", 
              "fire detector", 
              "batteri charger", 
              "refriger", 
              "webcam", 
              "ac", 
              "small applianc", 
              "window", 
              "light", 
              "alarm", 
              "cover", 
              "window", 
              "pipe", 
              "switch", 
              "secur camera", 
              "shade", 
              "pollut level", 
              "mechan fan", 
              "kitchen stove", 
              "blender", 
              "pipe", 
              "valv"
            ], 
            "entity_locale": [
              "assembl hall", 
              "assembl hall", 
              "backyard", 
              "outdoor", 
              "offic", 
              "deck", 
              "bank vault", 
              "entryway", 
              "indoor", 
              "storey", 
              "quarter", 
              "facil", 
              "nurseri", 
              "entir flat", 
              "bedroom", 
              "interior", 
              "rooftop", 
              "ship station", 
              "confer room", 
              "chabadnitze", 
              "toilets", 
              "dine hall", 
              "apart", 
              "rooftop", 
              "great hall", 
              "antechamber", 
              "bank vault", 
              "reverberation room", 
              "danis room", 
              "upstair", 
              "kid room", 
              "draw room", 
              "garden shed", 
              "car garag", 
              "car garag", 
              "courtroom", 
              "flower bed", 
              "boardroom", 
              "everywher", 
              "command center", 
              "cube", 
              "spare bedroom", 
              "garden", 
              "confer hall", 
              "function hall", 
              "porters lodg", 
              "upstair", 
              "long galleri", 
              "laundri room", 
              "deck", 
              "courtroom", 
              "basement", 
              "front", 
              "wait room", 
              "quarter", 
              "wing", 
              "downstair", 
              "indoors", 
              "bed room", 
              "dine", 
              "attic", 
              "dani s room", 
              "oper theater", 
              "room", 
              "storey", 
              "chang room", 
              "garag", 
              "vestibule", 
              "entryway", 
              "laundri room", 
              "quarter", 
              "side", 
              "downstair", 
              "auditorium", 
              "shed", 
              "live room", 
              "area of refuge", 
              "upstairs", 
              "attic", 
              "hous", 
              "danis room", 
              "back", 
              "pantry", 
              "boardroom", 
              "dine room", 
              "driveway", 
              "dine hall", 
              "home", 
              "quarter", 
              "wait room", 
              "lectur hall", 
              "flat", 
              "build envelop", 
              "wine cellar", 
              "control room", 
              "wire closet", 
              "bed room", 
              "facil", 
              "bank vault", 
              "confer room", 
              "park", 
              "courtyard", 
              "outsid", 
              "command center", 
              "confer hall", 
              "park spot", 
              "showroom", 
              "lectur hall", 
              "downstairs", 
              "build envelop", 
              "anatomical theatr", 
              "kitchen", 
              "live room", 
              "den", 
              "boudoir", 
              "studi", 
              "danis room", 
              "ceil", 
              "courtyard", 
              "antechamber", 
              "toilet room", 
              "studio", 
              "extra bedroom", 
              "flower garden", 
              "kid bedroom", 
              "porters lodg", 
              "kitchen", 
              "shed", 
              "playroom", 
              "garag", 
              "studi", 
              "back", 
              "debat chamber", 
              "great chamber", 
              "driveway", 
              "bedroom", 
              "spare room", 
              "balcony", 
              "cubicle", 
              "anatomical theatr", 
              "entir flat", 
              "dwelling", 
              "kid room", 
              "cella", 
              "function hall", 
              "loo", 
              "loung", 
              "indoors", 
              "extra bedroom", 
              "atrium", 
              "flower garden", 
              "chang room", 
              "cubicle", 
              "park space", 
              "meet room", 
              "atrium", 
              "bathroom", 
              "porters lodg", 
              "area of refuge", 
              "dani s room", 
              "loo", 
              "wire closet", 
              "balconet", 
              "rock garden", 
              "spare room", 
              "park spot", 
              "studio", 
              "auditorium", 
              "chabadnitze", 
              "dani s room", 
              "entranc", 
              "toilets", 
              "loft", 
              "dani s room", 
              "park", 
              "porters lodg", 
              "long galleri", 
              "front", 
              "wine cellar", 
              "everywher", 
              "den", 
              "backyard", 
              "ship station", 
              "downstairs", 
              "man cave", 
              "park space", 
              "sunroom", 
              "dani s room", 
              "showroom", 
              "masonic templ", 
              "dwelling", 
              "room", 
              "offic", 
              "danis bedroom", 
              "hous", 
              "insid", 
              "indoor", 
              "roof", 
              "dine room", 
              "flower bed", 
              "park", 
              "cella", 
              "ship station", 
              "tool shed", 
              "sunroom", 
              "toilet", 
              "great room", 
              "cube", 
              "spare bedroom", 
              "entir apart", 
              "flat", 
              "dani s room", 
              "park", 
              "tepidarium", 
              "ceil", 
              "great chamber", 
              "kid bedroom", 
              "tool shed", 
              "exterior", 
              "facade", 
              "live quarter", 
              "larg meet room", 
              "balcony", 
              "balconet", 
              "playroom", 
              "toilet room", 
              "control room", 
              "garden", 
              "oper theater", 
              "danis bedroom", 
              "apart", 
              "reverberation room", 
              "loung", 
              "dine", 
              "nurseri", 
              "interior", 
              "entir hous", 
              "larg meet room", 
              "classroom", 
              "great room", 
              "cellar", 
              "entir apart", 
              "great hall", 
              "man cave", 
              "entranc", 
              "roof", 
              "isol ward", 
              "masonic templ", 
              "small meet room", 
              "home", 
              "live quarter", 
              "foyer", 
              "insid", 
              "side", 
              "patio", 
              "entir hous", 
              "classroom", 
              "isol ward", 
              "outdoor", 
              "upstairs", 
              "great hall", 
              "boudoir", 
              "tepidarium", 
              "pantry", 
              "draw room", 
              "garden shed", 
              "rock garden", 
              "debat chamber", 
              "small meet room", 
              "exterior", 
              "facade", 
              "vestibule", 
              "foyer", 
              "wing", 
              "patio"
            ], 
            "status": [
              "inform", 
              "info", 
              "occupancey", 
              "ratio", 
              "temperatur", 
              "presenc", 
              "postion", 
              "number", 
              "occupancy", 
              "state", 
              "occupi", 
              "state", 
              "set", 
              "valu", 
              "oper", 
              "read", 
              "occupi", 
              "percentag", 
              "temp", 
              "inform", 
              "ratio", 
              "temperatur", 
              "power", 
              "densiti", 
              "condit", 
              "densiti", 
              "updat", 
              "occupancy", 
              "occupi", 
              "state", 
              "set", 
              "condit", 
              "occupancey", 
              "report", 
              "percentag", 
              "read", 
              "condit", 
              "present", 
              "updat", 
              "status", 
              "status", 
              "about", 
              "power", 
              "valu", 
              "updat", 
              "report", 
              "inform", 
              "valu", 
              "updat", 
              "activ", 
              "report", 
              "present", 
              "info", 
              "about", 
              "temp", 
              "presenc", 
              "postion", 
              "number", 
              "report", 
              "state", 
              "inform", 
              "valu", 
              "condit", 
              "activ", 
              "oper", 
              "occupi"
            ]
          }, 
          "language_code": "en", 
          "tagging_scheme_code": 2, 
          "use_stemming": true
        }, 
        "drop_out": 0.1, 
        "factory_name": "entity_match", 
        "offsets": [
          -2, 
          -1, 
          0
        ]
      }, 
      {
        "args": {
          "entity_labels": [
            "snips/amountOfMoney", 
            "snips/ordinal", 
            "snips/number", 
            "snips/duration", 
            "snips/percentage", 
            "snips/temperature", 
            "snips/datetime"
          ], 
          "language_code": "en", 
          "tagging_scheme_code": 1
        }, 
        "factory_name": "builtin_entity_match", 
        "offsets": [
          -2, 
          -1, 
          0
        ]
      }, 
      {
        "args": {
          "cluster_name": "brown_clusters", 
          "language_code": "en", 
          "use_stemming": false
        }, 
        "factory_name": "word_cluster", 
        "offsets": [
          -2, 
          -1, 
          0, 
          1
        ]
      }
    ], 
    "random_seed": null, 
    "tagging_scheme": 1, 
    "unit_name": "crf_slot_filler"
  }, 
  "crf_model_file": "modelf7gDUs.crfsuite", 
  "intent": "thanksmister:getStatus", 
  "language_code": "en", 
  "slot_name_mapping": {
    "entity_id": "entity_id", 
    "entity_locale": "entity_locale", 
    "status": "status"
  }, 
  "unit_name": "crf_slot_filler"
}