{
  "config": {
    "crf_args": {
      "algorithm": "lbfgs", 
      "c1": 0.1, 
      "c2": 0.1
    }, 
    "data_augmentation_config": {
      "add_builtin_entities_examples": false, 
      "capitalization_ratio": 0, 
      "min_utterances": 200
    }, 
    "feature_factory_configs": [
      {
        "args": {
          "common_words_gazetteer_name": "top_10000_words_stemmed", 
          "language_code": "en", 
          "n": 1, 
          "use_stemming": true
        }, 
        "factory_name": "ngram", 
        "offsets": [
          -2, 
          -1, 
          0, 
          1, 
          2
        ]
      }, 
      {
        "args": {
          "common_words_gazetteer_name": "top_10000_words_stemmed", 
          "language_code": "en", 
          "n": 2, 
          "use_stemming": true
        }, 
        "factory_name": "ngram", 
        "offsets": [
          -2, 
          1
        ]
      }, 
      {
        "args": {}, 
        "factory_name": "is_digit", 
        "offsets": [
          -1, 
          0, 
          1
        ]
      }, 
      {
        "args": {}, 
        "factory_name": "is_first", 
        "offsets": [
          -2, 
          -1, 
          0
        ]
      }, 
      {
        "args": {}, 
        "factory_name": "is_last", 
        "offsets": [
          0, 
          1, 
          2
        ]
      }, 
      {
        "args": {
          "language_code": "en", 
          "n": 1
        }, 
        "factory_name": "shape_ngram", 
        "offsets": [
          0
        ]
      }, 
      {
        "args": {
          "language_code": "en", 
          "n": 2
        }, 
        "factory_name": "shape_ngram", 
        "offsets": [
          -1, 
          0
        ]
      }, 
      {
        "args": {
          "language_code": "en", 
          "n": 3
        }, 
        "factory_name": "shape_ngram", 
        "offsets": [
          -1
        ]
      }, 
      {
        "args": {
          "collections": {
            "shopping_items": [
              "cottag chees", 
              "trash bag", 
              "vanilla extract", 
              "spaghetti pasta", 
              "parsley", 
              "sugar", 
              "applesauce", 
              "mountain dew", 
              "yogurt", 
              "plums", 
              "milk", 
              "bake powder", 
              "one thousand island", 
              "pretzels", 
              "scrub brush", 
              "onion powder", 
              "lotion", 
              "angel hair pasta", 
              "white bread", 
              "mix veget", 
              "mushrooms", 
              "vanilla extract", 
              "dishwashing soap", 
              "candi", 
              "tacos", 
              "chicken noodle soup", 
              "garlic salt", 
              "veal", 
              "bleach", 
              "salt", 
              "pinto bean", 
              "tortillas", 
              "hamburger", 
              "asparagus", 
              "bacon", 
              "juic", 
              "noodles", 
              "turkey", 
              "trash bag", 
              "cooki", 
              "carrots", 
              "tea", 
              "veget", 
              "bacon", 
              "steaks", 
              "peppers", 
              "cherries", 
              "orang", 
              "rice", 
              "anti bacteri soap", 
              "sausage", 
              "boneless breast", 
              "sport drink", 
              "squash", 
              "soap", 
              "cat litter", 
              "applesauce", 
              "scallops", 
              "pain reliever", 
              "greenbeans", 
              "diapers", 
              "french", 
              "anti bacteri soap", 
              "water", 
              "chicken & rice soup", 
              "ginger", 
              "chicken noodle soup", 
              "lettuce", 
              "cat litter", 
              "cinnamon", 
              "tomato past", 
              "popcorn", 
              "sweet potato", 
              "onions", 
              "veget oil", 
              "cough drop", 
              "appl", 
              "corn tortillias", 
              "kitchen bag", 
              "angel hair pasta", 
              "lime", 
              "toothbrush", 
              "chicken and rice soup", 
              "american chees", 
              "pea", 
              "pears", 
              "foil", 
              "wipe", 
              "appl juic", 
              "butter", 
              "tortillas", 
              "egg", 
              "bandaids", 
              "chocol", 
              "lemons", 
              "garlic powder", 
              "chees", 
              "painreliever", 
              "dishwasher detergent", 
              "bbq sauc", 
              "cough drop", 
              "soup", 
              "towels", 
              "razors", 
              "crackers", 
              "petroleum jelly", 
              "ground", 
              "melons", 
              "hamburger", 
              "spaghetti pasta", 
              "butter bean", 
              "honey", 
              "green bean", 
              "onions", 
              "pizza", 
              "peaches", 
              "mustard", 
              "cauliflower", 
              "dinners", 
              "chops", 
              "sport drink", 
              "nut", 
              "fruit", 
              "cabbage", 
              "pizza", 
              "glass cleaner", 
              "thousand island", 
              "toilet paper", 
              "popcorn", 
              "salsa", 
              "cabbage", 
              "berries", 
              "freez pea", 
              "tomato", 
              "bananas", 
              "tissu", 
              "margarine", 
              "egg", 
              "coke", 
              "wine", 
              "tortilla chip", 
              "broom", 
              "sliced chees", 
              "pears", 
              "creamer", 
              "hydrogen peroxide", 
              "spaghetti sauc", 
              "plastic wrap", 
              "razors", 
              "laundri detergent", 
              "syrup", 
              "broom", 
              "greenbeans", 
              "mouthwash", 
              "orang", 
              "storag bag", 
              "broccoli", 
              "kitchen bag", 
              "coffe", 
              "flour", 
              "oranges", 
              "card", 
              "furnitur polish", 
              "ketchup", 
              "bread", 
              "cocoa", 
              "chololate", 
              "scrub brush", 
              "potato", 
              "tortilla chip", 
              "1000 island", 
              "roast", 
              "diet coke", 
              "veget chicken soup", 
              "biscuits", 
              "milk", 
              "brown sugar", 
              "tortillias", 
              "fish", 
              "cook spray", 
              "freezer bag", 
              "ice cream", 
              "pinto bean", 
              "diapers", 
              "string bean", 
              "watermelon", 
              "cereal", 
              "formula", 
              "mix veget", 
              "cancy", 
              "ranch", 
              "shaving cream", 
              "cornstarch", 
              "nutmeg", 
              "grapes", 
              "egg", 
              "flour tortillias", 
              "paper towels", 
              "sour cream", 
              "bannana", 
              "salsa", 
              "potato chip", 
              "lasagne pasta", 
              "cream of chicken soup", 
              "batteri", 
              "cream of broccoli soup", 
              "soda", 
              "pain reliever", 
              "chees", 
              "corn tortillias", 
              "first aid cream", 
              "lettuce", 
              "flour tortillias", 
              "hydrogen peroxide", 
              "refried bean", 
              "cat food", 
              "tomato", 
              "zucchini", 
              "tater tots", 
              "french bread", 
              "garlic", 
              "toothpaste", 
              "leg", 
              "syrup", 
              "wing", 
              "chicken and rice soup", 
              "chicken & rice soup", 
              "pancake mix", 
              "pancake mix", 
              "shrimp", 
              "garlic salt", 
              "cinnamon", 
              "cereal", 
              "appl", 
              "dog food", 
              "camera film", 
              "shampoo", 
              "french fries", 
              "french bread", 
              "celery salt", 
              "wheat bread", 
              "toilet bowl cleaner", 
              "tomato sauc", 
              "apples", 
              "card", 
              "sweet potato", 
              "lime", 
              "sausage", 
              "chicken rice soup", 
              "carrots", 
              "ginger", 
              "celery", 
              "juic", 
              "pain reliever", 
              "nectarines", 
              "spaghetti sauc", 
              "smoke turkey", 
              "furnitur polish", 
              "soft drink", 
              "leg", 
              "sprite", 
              "coke", 
              "zucchini", 
              "beer", 
              "cream of celery soup", 
              "pretzels", 
              "antiacid", 
              "freez", 
              "sliced chees", 
              "egg", 
              "salmon", 
              "dog food", 
              "oatmeal", 
              "laundri detergent", 
              "jello", 
              "veget beef soup", 
              "bbq sauc", 
              "pop", 
              "anti bacteri soap", 
              "rub alcohol", 
              "green chili", 
              "appl juic", 
              "salt", 
              "cake mix", 
              "toilet paper", 
              "ham", 
              "peaches", 
              "freezer bag", 
              "kidney bean", 
              "sponges", 
              "chicken", 
              "veget chicken soup", 
              "ground", 
              "mop", 
              "yard bag", 
              "french", 
              "sugar", 
              "celery", 
              "creamer", 
              "breast with bone", 
              "rice", 
              "plums", 
              "celery salt", 
              "italian bread", 
              "dryer sheet", 
              "butter bean", 
              "watermelon", 
              "chip", 
              "sandwich bag", 
              "italian", 
              "garlic powder", 
              "spanish rice", 
              "crabmeat", 
              "pain reliever", 
              "nutmeg", 
              "glass cleaner", 
              "sour cream", 
              "mouthwash", 
              "vienna sausage", 
              "formula", 
              "noodles", 
              "romaine lettuce", 
              "cancy", 
              "mix fruit", 
              "spanish rice", 
              "tater tots", 
              "hamburger buns", 
              "one thousand island", 
              "french fries", 
              "water", 
              "sandwich bag", 
              "bleach", 
              "yogurt", 
              "anti bacteri soap", 
              "hot dog buns", 
              "cauliflower", 
              "bannana", 
              "lotion", 
              "toothbrush", 
              "veget soup", 
              "rotelle pasta", 
              "orang juic", 
              "fish", 
              "potato chip", 
              "jelly", 
              "steaks", 
              "blue chees", 
              "shells pasta", 
              "cream of broccoli soup", 
              "jello", 
              "roll", 
              "peanut butter", 
              "oliv oil", 
              "elbow macaroni", 
              "pop", 
              "brown sugar", 
              "oregano", 
              "breast with bone", 
              "scallops", 
              "mayonnaise", 
              "chocol", 
              "turkey", 
              "pepper", 
              "iceberg lettuce", 
              "hamburger buns", 
              "toothpaste", 
              "jelly", 
              "yard bag", 
              "parsley", 
              "oranges", 
              "tacos", 
              "wheat bread", 
              "beer", 
              "horseradish", 
              "chicken rice soup", 
              "sponges", 
              "peppers", 
              "worcestershire", 
              "cake mix", 
              "tomato", 
              "deodorant", 
              "sprite", 
              "cream chees", 
              "squash", 
              "shaving cream", 
              "corned beef", 
              "vienna sausage", 
              "hot dog buns", 
              "pineapples", 
              "dishwasher detergent", 
              "freez", 
              "deodorant", 
              "rub alcohol", 
              "cornstarch", 
              "elbow macaroni", 
              "veget beef soup", 
              "tissu", 
              "plastic wrap", 
              "soy sauc", 
              "soft drink", 
              "cream of chicken soup", 
              "iceberg lettuce", 
              "onion powder", 
              "cream of mushroom soup", 
              "bake powder", 
              "strawberries", 
              "lemons", 
              "brownie mix", 
              "pasta", 
              "shells pasta", 
              "baked bean", 
              "tomato", 
              "oil", 
              "potato", 
              "crabmeat", 
              "antibacterial soap", 
              "soup", 
              "fruit", 
              "garlic", 
              "apples", 
              "tuna", 
              "broccoli", 
              "butter", 
              "melons", 
              "tortillias", 
              "american chees", 
              "ranch", 
              "antibacterial soap", 
              "vemicelli pasta", 
              "veal", 
              "storag bag", 
              "veget oil", 
              "cream of celery soup", 
              "raisins", 
              "bananas", 
              "nut", 
              "dryer sheet", 
              "batteri", 
              "chicken rice soup", 
              "margarine", 
              "painreliever", 
              "freez pea", 
              "wipe", 
              "ham", 
              "flour", 
              "camera film", 
              "porknbeans", 
              "roast beef", 
              "cherries", 
              "nectarines", 
              "chip", 
              "petroleum jelly", 
              "cottag chees", 
              "lasagne pasta", 
              "potato", 
              "dishwashing soap", 
              "mop", 
              "shampoo", 
              "kidney bean", 
              "refried bean", 
              "romaine lettuce", 
              "wing", 
              "ice cream", 
              "wine", 
              "cooki", 
              "antiacid", 
              "candi", 
              "soap", 
              "honey", 
              "chops", 
              "muffins", 
              "peanut butter", 
              "italian", 
              "chololate", 
              "towels", 
              "beef", 
              "cream of mushroom soup", 
              "whole chicken", 
              "toilet bowl cleaner", 
              "green bean", 
              "smoke turkey", 
              "worcestershire", 
              "coffe", 
              "air freshener", 
              "bake soda", 
              "bandaids", 
              "vemicelli pasta", 
              "floss", 
              "tomato past", 
              "diet coke", 
              "white bread", 
              "italian bread", 
              "pepper", 
              "corn", 
              "porknbeans", 
              "1000 island", 
              "pasta", 
              "rotelle pasta", 
              "spagetti", 
              "beef", 
              "orang juic", 
              "oatmeal", 
              "shrimp", 
              "cocoa", 
              "roast beef", 
              "green chili", 
              "first aid cream", 
              "corn", 
              "pineapples", 
              "salmon", 
              "mushrooms", 
              "thousand island", 
              "horseradish", 
              "mountain dew", 
              "boneless breast", 
              "roll", 
              "veget", 
              "blue chees", 
              "grapes", 
              "rash cream", 
              "tuna", 
              "spagetti", 
              "ketchup", 
              "bread", 
              "asparagus", 
              "cream chees", 
              "raisins", 
              "cook spray", 
              "strawberries", 
              "roast", 
              "soda", 
              "cat food", 
              "chicken and rice soup", 
              "air freshener", 
              "tea", 
              "floss", 
              "paprika", 
              "string bean", 
              "brownie mix", 
              "veget soup", 
              "tomato soup", 
              "dinners", 
              "muffins", 
              "paper towels", 
              "bake soda", 
              "light bulbs", 
              "tomato sauc", 
              "mayonnaise", 
              "corned beef", 
              "oliv oil", 
              "tomato soup", 
              "mustard", 
              "pea", 
              "whole chicken", 
              "foil", 
              "crackers", 
              "paprika", 
              "biscuits", 
              "baked bean", 
              "chicken rice soup", 
              "rash cream", 
              "potato", 
              "light bulbs", 
              "soy sauc", 
              "mix fruit", 
              "oregano", 
              "chicken", 
              "berries", 
              "oil"
            ]
          }, 
          "language_code": "en", 
          "tagging_scheme_code": 2, 
          "use_stemming": true
        }, 
        "drop_out": 0.1, 
        "factory_name": "entity_match", 
        "offsets": [
          -2, 
          -1, 
          0
        ]
      }, 
      {
        "args": {
          "entity_labels": [
            "snips/amountOfMoney", 
            "snips/ordinal", 
            "snips/number", 
            "snips/duration", 
            "snips/percentage", 
            "snips/temperature", 
            "snips/datetime"
          ], 
          "language_code": "en", 
          "tagging_scheme_code": 1
        }, 
        "factory_name": "builtin_entity_match", 
        "offsets": [
          -2, 
          -1, 
          0
        ]
      }, 
      {
        "args": {
          "cluster_name": "brown_clusters", 
          "language_code": "en", 
          "use_stemming": false
        }, 
        "factory_name": "word_cluster", 
        "offsets": [
          -2, 
          -1, 
          0, 
          1
        ]
      }
    ], 
    "random_seed": null, 
    "tagging_scheme": 1, 
    "unit_name": "crf_slot_filler"
  }, 
  "crf_model_file": "modelQUsCOy.crfsuite", 
  "intent": "hass:HassShoppingListAddItem", 
  "language_code": "en", 
  "slot_name_mapping": {
    "item": "shopping_items"
  }, 
  "unit_name": "crf_slot_filler"
}