{
  "config": {
    "crf_args": {
      "algorithm": "lbfgs", 
      "c1": 0.1, 
      "c2": 0.1
    }, 
    "data_augmentation_config": {
      "add_builtin_entities_examples": false, 
      "capitalization_ratio": 0, 
      "min_utterances": 200
    }, 
    "feature_factory_configs": [
      {
        "args": {
          "common_words_gazetteer_name": "top_10000_words_stemmed", 
          "language_code": "en", 
          "n": 1, 
          "use_stemming": true
        }, 
        "factory_name": "ngram", 
        "offsets": [
          -2, 
          -1, 
          0, 
          1, 
          2
        ]
      }, 
      {
        "args": {
          "common_words_gazetteer_name": "top_10000_words_stemmed", 
          "language_code": "en", 
          "n": 2, 
          "use_stemming": true
        }, 
        "factory_name": "ngram", 
        "offsets": [
          -2, 
          1
        ]
      }, 
      {
        "args": {}, 
        "factory_name": "is_digit", 
        "offsets": [
          -1, 
          0, 
          1
        ]
      }, 
      {
        "args": {}, 
        "factory_name": "is_first", 
        "offsets": [
          -2, 
          -1, 
          0
        ]
      }, 
      {
        "args": {}, 
        "factory_name": "is_last", 
        "offsets": [
          0, 
          1, 
          2
        ]
      }, 
      {
        "args": {
          "language_code": "en", 
          "n": 1
        }, 
        "factory_name": "shape_ngram", 
        "offsets": [
          0
        ]
      }, 
      {
        "args": {
          "language_code": "en", 
          "n": 2
        }, 
        "factory_name": "shape_ngram", 
        "offsets": [
          -1, 
          0
        ]
      }, 
      {
        "args": {
          "language_code": "en", 
          "n": 3
        }, 
        "factory_name": "shape_ngram", 
        "offsets": [
          -1
        ]
      }, 
      {
        "args": {
          "collections": {
            "house_room": [
              "toilets", 
              "offic", 
              "facil", 
              "bedroom", 
              "wait room", 
              "toilets", 
              "toilet room", 
              "appartment", 
              "danis room", 
              "hall", 
              "studio", 
              "boardroom", 
              "everywher", 
              "garden", 
              "laundri room", 
              "basement", 
              "cella", 
              "wait room", 
              "hall", 
              "meet room", 
              "offic", 
              "appartment", 
              "dani s room", 
              "danis room", 
              "chang room", 
              "facil", 
              "vestibule", 
              "entir appartment", 
              "shed", 
              "live room", 
              "upstairs", 
              "hous", 
              "danis room", 
              "pantry", 
              "live room", 
              "park", 
              "flat", 
              "entranc", 
              "bed room", 
              "garag", 
              "dine room", 
              "basement", 
              "downstairs", 
              "kitchen", 
              "entir flat", 
              "studi", 
              "danis room", 
              "laundri room", 
              "cellar", 
              "studio", 
              "kitchen", 
              "toilet", 
              "shed", 
              "garag", 
              "studi", 
              "bedroom", 
              "cubicle", 
              "entir flat", 
              "toilet", 
              "loo", 
              "loung", 
              "boardroom", 
              "cubicle", 
              "meet room", 
              "bathroom", 
              "dani s room", 
              "loo", 
              "chang room", 
              "dani s room", 
              "backyard", 
              "kid room", 
              "entranc", 
              "dani s room", 
              "kid bedroom", 
              "everywher", 
              "downstairs", 
              "dani s room", 
              "room", 
              "bed room", 
              "hous", 
              "dine room", 
              "park", 
              "cella", 
              "dani s room", 
              "kid room", 
              "bathroom", 
              "flat", 
              "dani s room", 
              "kid bedroom", 
              "larg meet room", 
              "entir hous", 
              "toilet room", 
              "garden", 
              "loung", 
              "entir appartment", 
              "larg meet room", 
              "cellar", 
              "room", 
              "dani s room", 
              "small meet room", 
              "backyard", 
              "patio", 
              "entir hous", 
              "upstairs", 
              "pantry", 
              "small meet room", 
              "vestibule", 
              "patio"
            ]
          }, 
          "language_code": "en", 
          "tagging_scheme_code": 2, 
          "use_stemming": true
        }, 
        "drop_out": 0.1, 
        "factory_name": "entity_match", 
        "offsets": [
          -2, 
          -1, 
          0
        ]
      }, 
      {
        "args": {
          "entity_labels": [
            "snips/amountOfMoney", 
            "snips/ordinal", 
            "snips/number", 
            "snips/duration", 
            "snips/percentage", 
            "snips/temperature", 
            "snips/datetime"
          ], 
          "language_code": "en", 
          "tagging_scheme_code": 1
        }, 
        "factory_name": "builtin_entity_match", 
        "offsets": [
          -2, 
          -1, 
          0
        ]
      }, 
      {
        "args": {
          "cluster_name": "brown_clusters", 
          "language_code": "en", 
          "use_stemming": false
        }, 
        "factory_name": "word_cluster", 
        "offsets": [
          -2, 
          -1, 
          0, 
          1
        ]
      }
    ], 
    "random_seed": null, 
    "tagging_scheme": 1, 
    "unit_name": "crf_slot_filler"
  }, 
  "crf_model_file": "modeliOs6q7.crfsuite", 
  "intent": "lightsTurnOff", 
  "language_code": "en", 
  "slot_name_mapping": {
    "house_room": "house_room"
  }, 
  "unit_name": "crf_slot_filler"
}