{
  "config": {
    "crf_args": {
      "algorithm": "lbfgs", 
      "c1": 0.1, 
      "c2": 0.1
    }, 
    "data_augmentation_config": {
      "add_builtin_entities_examples": false, 
      "capitalization_ratio": 0, 
      "min_utterances": 200
    }, 
    "feature_factory_configs": [
      {
        "args": {
          "common_words_gazetteer_name": "top_10000_words_stemmed", 
          "language_code": "en", 
          "n": 1, 
          "use_stemming": true
        }, 
        "factory_name": "ngram", 
        "offsets": [
          -2, 
          -1, 
          0, 
          1, 
          2
        ]
      }, 
      {
        "args": {
          "common_words_gazetteer_name": "top_10000_words_stemmed", 
          "language_code": "en", 
          "n": 2, 
          "use_stemming": true
        }, 
        "factory_name": "ngram", 
        "offsets": [
          -2, 
          1
        ]
      }, 
      {
        "args": {}, 
        "factory_name": "is_digit", 
        "offsets": [
          -1, 
          0, 
          1
        ]
      }, 
      {
        "args": {}, 
        "factory_name": "is_first", 
        "offsets": [
          -2, 
          -1, 
          0
        ]
      }, 
      {
        "args": {}, 
        "factory_name": "is_last", 
        "offsets": [
          0, 
          1, 
          2
        ]
      }, 
      {
        "args": {
          "language_code": "en", 
          "n": 1
        }, 
        "factory_name": "shape_ngram", 
        "offsets": [
          0
        ]
      }, 
      {
        "args": {
          "language_code": "en", 
          "n": 2
        }, 
        "factory_name": "shape_ngram", 
        "offsets": [
          -1, 
          0
        ]
      }, 
      {
        "args": {
          "language_code": "en", 
          "n": 3
        }, 
        "factory_name": "shape_ngram", 
        "offsets": [
          -1
        ]
      }, 
      {
        "args": {
          "collections": {
            "direction": [
              "hotter", 
              "less", 
              "colder", 
              "down", 
              "hot", 
              "warmer", 
              "higher", 
              "cold", 
              "higher", 
              "hot", 
              "warm", 
              "more", 
              "cool", 
              "lower", 
              "cooler", 
              "up", 
              "warm", 
              "cool", 
              "lower", 
              "hotter", 
              "less", 
              "cooler", 
              "colder", 
              "up", 
              "down", 
              "warmer", 
              "cold", 
              "more"
            ], 
            "mode": [
              "ac", 
              "ac", 
              "heat", 
              "colder", 
              "cool", 
              "heat", 
              "heat", 
              "heat", 
              "warm", 
              "warmer", 
              "warm", 
              "colder", 
              "warmer", 
              "cool", 
              "cool", 
              "cool"
            ], 
            "zone": [
              "ac", 
              "live room", 
              "bonus room", 
              "upstairs", 
              "vincents bedroom", 
              "bathroom", 
              "bedroom", 
              "bonus room", 
              "thermostat", 
              "bathroom", 
              "master bedroom", 
              "heat", 
              "thermostat", 
              "basement", 
              "downstairs", 
              "kitchen", 
              "live room", 
              "dowstairs", 
              "vincents bedroom", 
              "heat", 
              "basement", 
              "downstairs", 
              "kitchen", 
              "ac", 
              "master bedroom", 
              "upstairs", 
              "dowstairs", 
              "bedroom"
            ]
          }, 
          "language_code": "en", 
          "tagging_scheme_code": 2, 
          "use_stemming": true
        }, 
        "drop_out": 0.1, 
        "factory_name": "entity_match", 
        "offsets": [
          -2, 
          -1, 
          0
        ]
      }, 
      {
        "args": {
          "entity_labels": [
            "snips/amountOfMoney", 
            "snips/ordinal", 
            "snips/number", 
            "snips/duration", 
            "snips/percentage", 
            "snips/temperature", 
            "snips/datetime"
          ], 
          "language_code": "en", 
          "tagging_scheme_code": 1
        }, 
        "factory_name": "builtin_entity_match", 
        "offsets": [
          -2, 
          -1, 
          0
        ]
      }, 
      {
        "args": {
          "cluster_name": "brown_clusters", 
          "language_code": "en", 
          "use_stemming": false
        }, 
        "factory_name": "word_cluster", 
        "offsets": [
          -2, 
          -1, 
          0, 
          1
        ]
      }
    ], 
    "random_seed": null, 
    "tagging_scheme": 1, 
    "unit_name": "crf_slot_filler"
  }, 
  "crf_model_file": "modelQfiOU7.crfsuite", 
  "intent": "TSchmidty:setThermostat", 
  "language_code": "en", 
  "slot_name_mapping": {
    "direction": "direction", 
    "mode": "mode", 
    "temperature": "snips/temperature", 
    "zone": "zone"
  }, 
  "unit_name": "crf_slot_filler"
}