{
  "id" : "proj_W50nlxp3qAqB",
  "name" : "VoicePanel",
  "intents" : [ {
    "id" : "thanksmister:HaAlarmDisarmCode",
    "type" : "registry",
    "version" : "1.0.0",
    "language" : "en",
    "slots" : [ {
      "name" : "alarm_method",
      "id" : "yE-nPIRHm",
      "entityId" : "entity_Pe7YXq3yGVG",
      "missingQuestion" : "",
      "required" : false
    }, {
      "name" : "alarm_code_one",
      "id" : "x2t2umXww",
      "entityId" : "snips/number",
      "missingQuestion" : "",
      "required" : false
    }, {
      "name" : "alarm_code_two",
      "id" : "m1Ki0eVP-",
      "entityId" : "snips/number",
      "missingQuestion" : "",
      "required" : false
    }, {
      "name" : "alarm_code_three",
      "id" : "o5mHd7LZP",
      "entityId" : "snips/number",
      "missingQuestion" : "",
      "required" : false
    }, {
      "name" : "alarm_code_four",
      "id" : "fW_TqNIbu",
      "entityId" : "snips/number",
      "missingQuestion" : "",
      "required" : false
    } ],
    "name" : "HaAlarmDisarmCode"
  }, {
    "id" : "thanksmister:HaAlarmDisarm",
    "type" : "registry",
    "version" : "1.0.0",
    "language" : "en",
    "slots" : [ {
      "name" : "alarm_method",
      "id" : "3zGQmaaUH",
      "entityId" : "entity_Pe7YXq3yGVG",
      "missingQuestion" : "",
      "required" : false
    } ],
    "name" : "HaAlarmDisarm"
  }, {
    "id" : "thanksmister:HaAlarmHome",
    "type" : "registry",
    "version" : "1.0.0",
    "language" : "en",
    "slots" : [ {
      "name" : "alarm_mode",
      "id" : "FacYMMnpT",
      "entityId" : "entity_o6WgnMw8pyX7",
      "missingQuestion" : "",
      "required" : false
    } ],
    "name" : "HaAlarmHome"
  }, {
    "id" : "thanksmister:HaAlarmAway",
    "type" : "registry",
    "version" : "1.0.0",
    "language" : "en",
    "slots" : [ {
      "name" : "alarm_method",
      "id" : "v_Xv-yn-Y",
      "entityId" : "entity_8Aq4BMQVK21",
      "missingQuestion" : "",
      "required" : false
    } ],
    "name" : "HaAlarmAway"
  }, {
    "id" : "thanksmister:HaAlarmStatus",
    "type" : "registry",
    "version" : "1.0.0",
    "language" : "en",
    "slots" : [ ],
    "name" : "HaAlarmStatus"
  }, {
    "id" : "hass:HassOpenCover",
    "type" : "registry",
    "version" : "107.0.0",
    "language" : "en",
    "slots" : [ {
      "name" : "cover",
      "id" : "SyT4Doqtz",
      "entityId" : "entity_pyG7YeovGGG",
      "missingQuestion" : "",
      "required" : false
    } ],
    "name" : "HassOpenCover"
  }, {
    "id" : "hass:HassCloseCover",
    "type" : "registry",
    "version" : "95.0.0",
    "language" : "en",
    "slots" : [ {
      "name" : "cover",
      "id" : "HJgews5FM",
      "entityId" : "entity_pyG7YeovGGG",
      "missingQuestion" : "",
      "required" : false
    } ],
    "name" : "HassCloseCover"
  }, {
    "id" : "hass:HassShoppingListLastItems",
    "type" : "registry",
    "version" : "7.0.0",
    "language" : "en",
    "slots" : [ ],
    "name" : "HassShoppingListLastItems"
  }, {
    "id" : "hass:HassLightSet",
    "type" : "registry",
    "version" : "32.0.0",
    "language" : "en",
    "slots" : [ {
      "name" : "color",
      "id" : "SkX0kyDKG",
      "entityId" : "entity_5AX3eGqn18w",
      "missingQuestion" : "",
      "required" : false
    }, {
      "name" : "brightness",
      "id" : "S1dGe1vYG",
      "entityId" : "snips/percentage",
      "missingQuestion" : "",
      "required" : false
    }, {
      "name" : "light",
      "id" : "rkB3xmTqFM",
      "entityId" : "entity_gpMyZobQmmA",
      "missingQuestion" : "",
      "required" : false
    } ],
    "name" : "HassLightSet"
  }, {
    "id" : "hass:HassTurnOn",
    "type" : "registry",
    "version" : "116.0.0",
    "language" : "en",
    "slots" : [ {
      "name" : "name",
      "id" : "SkZhkhCNG",
      "entityId" : "entity_v30wEMAAm7q",
      "missingQuestion" : "",
      "required" : false
    } ],
    "name" : "HassTurnOn"
  }, {
    "id" : "hass:HassTurnOff",
    "type" : "registry",
    "version" : "116.0.0",
    "language" : "en",
    "slots" : [ {
      "name" : "name",
      "id" : "Hy3BVSbHM",
      "entityId" : "entity_v30wEMAAm7q",
      "missingQuestion" : "",
      "required" : false
    } ],
    "name" : "HassTurnOff"
  }, {
    "id" : "hass:HassShoppingListAddItem",
    "type" : "registry",
    "version" : "17.0.0",
    "language" : "en",
    "slots" : [ {
      "name" : "item",
      "id" : "SkAhx2RNf",
      "entityId" : "entity_r536GD83KAE",
      "missingQuestion" : "",
      "required" : false
    } ],
    "name" : "HassShoppingListAddItem"
  }, {
    "id" : "lightsSet",
    "type" : "registry",
    "version" : "8.0.0",
    "language" : "en",
    "slots" : [ {
      "name" : "house_room",
      "id" : "slot_imported_S1ewa1XX3uM",
      "entityId" : "entity_MGX6zWEYaV1W",
      "missingQuestion" : "",
      "required" : false,
      "description" : "the room name"
    }, {
      "name" : "intensity_number",
      "id" : "slot_imported_HJTS6kQ72Of",
      "entityId" : "snips/number",
      "missingQuestion" : "",
      "required" : false,
      "description" : "the brightness intensity "
    }, {
      "name" : "intensity_percent",
      "id" : "slot_imported_HJjBa1mQh_M",
      "entityId" : "snips/percentage",
      "missingQuestion" : "",
      "required" : false,
      "description" : "the brightness intensity in percent"
    } ],
    "name" : "lightsSet"
  }, {
    "id" : "lightsTurnOff",
    "type" : "registry",
    "version" : "11.0.0",
    "language" : "en",
    "slots" : [ {
      "name" : "house_room",
      "id" : "slot_imported_SyQ0gSnuM",
      "entityId" : "entity_e5qbPmkwz2we",
      "missingQuestion" : "",
      "required" : false
    } ],
    "name" : "lightsTurnOff"
  }, {
    "id" : "lightsShift",
    "type" : "registry",
    "version" : "16.0.0",
    "language" : "en",
    "slots" : [ {
      "name" : "up_down",
      "id" : "slot_imported_SkFmFqqmh_G",
      "entityId" : "entity_rVwpPbdNB1bq",
      "missingQuestion" : "",
      "required" : false,
      "description" : "the direction of the shift - either up or down"
    }, {
      "name" : "house_room",
      "id" : "slot_imported_H15mF99QnuM",
      "entityId" : "entity_MGX6zWEYaV1W",
      "missingQuestion" : "",
      "required" : false,
      "description" : "the room name"
    }, {
      "name" : "intensity_number",
      "id" : "rkkFBS3_f",
      "entityId" : "snips/number",
      "missingQuestion" : "",
      "required" : false,
      "description" : "the relative shift in brightness intensity"
    }, {
      "name" : "intensity_percentage",
      "id" : "Sy-WsrrnuM",
      "entityId" : "snips/percentage",
      "missingQuestion" : "",
      "required" : false,
      "description" : "the relative shift of brightness in percent"
    } ],
    "name" : "lightsShift"
  }, {
    "id" : "TSchmidty:setThermostat",
    "type" : "registry",
    "version" : "2.0.0",
    "language" : "en",
    "slots" : [ {
      "name" : "temperature",
      "id" : "Hk476dV-M",
      "entityId" : "snips/temperature",
      "missingQuestion" : "",
      "required" : false,
      "description" : "temperature"
    }, {
      "name" : "zone",
      "id" : "BJOVpuV-f",
      "entityId" : "entity_pn0GM9nv3G6",
      "missingQuestion" : "",
      "required" : false,
      "description" : "location"
    }, {
      "name" : "direction",
      "id" : "S1zZ-5VbG",
      "entityId" : "entity_nmvnmVgNgl3",
      "missingQuestion" : "",
      "required" : false
    }, {
      "name" : "mode",
      "id" : "Bkh1A_-Ef",
      "entityId" : "entity_rb6Nee5gWVy",
      "missingQuestion" : "",
      "required" : false
    } ],
    "name" : "setThermostat"
  }, {
    "id" : "thanksmister:getStatus",
    "type" : "registry",
    "version" : "1.0.0",
    "language" : "en",
    "slots" : [ {
      "name" : "entity_locale",
      "id" : "wjOLRRmBx",
      "entityId" : "entity_Bl7AZevwAo6d",
      "missingQuestion" : "Which location?",
      "required" : false
    }, {
      "name" : "entity_id",
      "id" : "qk0MpfNDE",
      "entityId" : "entity_agWbQQegYb2Z",
      "missingQuestion" : "For what?",
      "required" : false
    }, {
      "name" : "status",
      "id" : "YdqiaKJCX",
      "entityId" : "entity_0NMAqDDB88l6",
      "missingQuestion" : "",
      "required" : false
    } ],
    "name" : "getStatus"
  }, {
    "id" : "searchWeatherForecast",
    "type" : "registry",
    "version" : "78.0.0",
    "language" : "en",
    "slots" : [ {
      "name" : "forecast_locality",
      "id" : "slot_S1kdgHrgZMPb",
      "entityId" : "entity_6komlnVbpZN",
      "missingQuestion" : "",
      "required" : false,
      "description" : "Location (e.g. city, village) whose weather you are interested in"
    }, {
      "name" : "forecast_country",
      "id" : "slot_H1xOgSBxbzwW",
      "entityId" : "entity_ME2OY9vMv54",
      "missingQuestion" : "",
      "required" : false,
      "description" : "The country whose weather you are interested in"
    }, {
      "name" : "forecast_geographical_poi",
      "id" : "slot_HJGOgrSeWMDb",
      "entityId" : "entity_14De2yzENYN",
      "missingQuestion" : "",
      "required" : false,
      "description" : "The place whose weather you are interested in"
    }, {
      "name" : "forecast_start_datetime",
      "id" : "slot_HJQdlrHxWfP-",
      "entityId" : "snips/datetime",
      "missingQuestion" : "",
      "required" : false,
      "description" : "What time are you asking about?"
    }, {
      "name" : "forecast_region",
      "id" : "S1axOUfXf",
      "entityId" : "entity_W02m1lbw9xw",
      "missingQuestion" : "",
      "required" : false,
      "description" : "The region whose weather you are interested in"
    } ],
    "name" : "searchWeatherForecast",
    "confirmationRequired" : false,
    "confirmationQuestion" : ""
  }, {
    "id" : "searchWeatherForecastCondition",
    "type" : "registry",
    "version" : "46.0.0",
    "language" : "en",
    "slots" : [ {
      "name" : "forecast_locality",
      "id" : "slot_r1kOgVQKzfv-",
      "entityId" : "entity_Y92n3k5WmaA",
      "missingQuestion" : "",
      "required" : false,
      "description" : "Location (e.g. city, village) whose weather you are interested in"
    }, {
      "name" : "forecast_country",
      "id" : "slot_S1gOxE7FGfvW",
      "entityId" : "entity_14De2yal2xy",
      "missingQuestion" : "",
      "required" : false,
      "description" : "The country whose weather you are interested in"
    }, {
      "name" : "forecast_region",
      "id" : "slot_Hy-deE7YMzPZ",
      "entityId" : "entity_g4DrYQxe7ze",
      "missingQuestion" : "",
      "required" : false,
      "description" : "The region whose weather you are interested in"
    }, {
      "name" : "forecast_geographical_poi",
      "id" : "slot_rkM_gV7tfzwW",
      "entityId" : "entity_OK2vdn7ZKey",
      "missingQuestion" : "",
      "required" : false,
      "description" : "The place whose weather you are interested in"
    }, {
      "name" : "forecast_start_datetime",
      "id" : "slot_Sk7_x4mYMGwZ",
      "entityId" : "snips/datetime",
      "missingQuestion" : "",
      "required" : false,
      "description" : "What time are you asking about?"
    }, {
      "name" : "forecast_condition_name",
      "id" : "slot_B1VOl47YMzvb",
      "entityId" : "entity_g4DrYQx27XQ",
      "missingQuestion" : "",
      "required" : false,
      "description" : "Name of weather condition"
    } ],
    "name" : "searchWeatherForecastCondition",
    "confirmationRequired" : false,
    "confirmationQuestion" : ""
  }, {
    "id" : "searchWeatherForecastItem",
    "type" : "registry",
    "version" : "24.0.0",
    "language" : "en",
    "slots" : [ {
      "name" : "forecast_region",
      "id" : "slot_HJtvtQiOb",
      "entityId" : "entity_pYDveKdwz01",
      "missingQuestion" : "",
      "required" : false,
      "description" : "Region for the weather forecast"
    }, {
      "name" : "forecast_locality",
      "id" : "slot_ryxm97iub",
      "entityId" : "entity_9zo9vGMe1EV",
      "missingQuestion" : "",
      "required" : false,
      "description" : "Locality for the weather forecast"
    }, {
      "name" : "forecast_country",
      "id" : "slot_SyvV97jOZ",
      "entityId" : "entity_Qe2QOw8V3n6",
      "missingQuestion" : "",
      "required" : false,
      "description" : "Country for the weather forecast"
    }, {
      "name" : "forecast_geographical_poi",
      "id" : "slot_SJKUqmoO-",
      "entityId" : "entity_OK2vdxN65ov",
      "missingQuestion" : "",
      "required" : false,
      "description" : "Geographical point of interest for the weather forecast"
    }, {
      "name" : "forecast_item",
      "id" : "slot_Byru5Xs_b",
      "entityId" : "entity_Kl5dw6KbKAQ",
      "missingQuestion" : "",
      "required" : false,
      "description" : "Item of clothing which could be needed"
    }, {
      "name" : "forecast_start_datetime",
      "id" : "slot_rJyjcQod-",
      "entityId" : "snips/datetime",
      "missingQuestion" : "",
      "required" : false,
      "description" : "Date and/or time for the weather forecast"
    } ],
    "name" : "searchWeatherForecastItem",
    "confirmationRequired" : false,
    "confirmationQuestion" : ""
  }, {
    "id" : "searchWeatherForecastTemperature",
    "type" : "registry",
    "version" : "40.0.0",
    "language" : "en",
    "slots" : [ {
      "name" : "forecast_locality",
      "id" : "slot_ry1ueoF6Mzw-",
      "entityId" : "entity_8zonEpa43x2",
      "missingQuestion" : "",
      "required" : false,
      "description" : "Location (e.g. city, village) whose weather you are interested in"
    }, {
      "name" : "forecast_country",
      "id" : "slot_Bkl_ljF6MMwW",
      "entityId" : "entity_Xn20NODOzX8",
      "missingQuestion" : "",
      "required" : false,
      "description" : "The country whose weather you are interested in"
    }, {
      "name" : "forecast_region",
      "id" : "slot_HJ-_eiKpfMvZ",
      "entityId" : "entity_Y92n3kok39n",
      "missingQuestion" : "",
      "required" : false,
      "description" : "The region whose weather you are interested in"
    }, {
      "name" : "forecast_geographical_poi",
      "id" : "slot_Bkf_xjK6fGD-",
      "entityId" : "entity_Kl5dwnX65kW",
      "missingQuestion" : "",
      "required" : false,
      "description" : "The place whose weather you are interested in"
    }, {
      "name" : "forecast_start_datetime",
      "id" : "slot_rk7dgitazzvZ",
      "entityId" : "snips/datetime",
      "missingQuestion" : "",
      "required" : false,
      "description" : "What time are you asking about?"
    }, {
      "name" : "forecast_temperature_name",
      "id" : "slot_Bk4OlstTMGvb",
      "entityId" : "entity_Y92n3ko6AVM",
      "missingQuestion" : "",
      "required" : false,
      "description" : "Description of the temperature in words"
    } ],
    "name" : "searchWeatherForecastTemperature",
    "confirmationRequired" : false,
    "confirmationQuestion" : ""
  } ],
  "createdAt" : "2018-08-25T20:31:49.451Z",
  "language" : "en",
  "version" : {
    "nluModel" : "0.16.0"
  },
  "platform" : {
    "type" : "raspberrypi"
  },
  "asr" : {
    "type" : "snips"
  },
  "analyticsEnabled" : false,
  "heartbeatEnabled" : false,
  "hotword" : "hey_snips"
}