{
  "config": {
    "crf_args": {
      "algorithm": "lbfgs", 
      "c1": 0.1, 
      "c2": 0.1
    }, 
    "data_augmentation_config": {
      "add_builtin_entities_examples": false, 
      "capitalization_ratio": 0, 
      "min_utterances": 200
    }, 
    "feature_factory_configs": [
      {
        "args": {
          "common_words_gazetteer_name": "top_10000_words_stemmed", 
          "language_code": "en", 
          "n": 1, 
          "use_stemming": true
        }, 
        "factory_name": "ngram", 
        "offsets": [
          -2, 
          -1, 
          0, 
          1, 
          2
        ]
      }, 
      {
        "args": {
          "common_words_gazetteer_name": "top_10000_words_stemmed", 
          "language_code": "en", 
          "n": 2, 
          "use_stemming": true
        }, 
        "factory_name": "ngram", 
        "offsets": [
          -2, 
          1
        ]
      }, 
      {
        "args": {}, 
        "factory_name": "is_digit", 
        "offsets": [
          -1, 
          0, 
          1
        ]
      }, 
      {
        "args": {}, 
        "factory_name": "is_first", 
        "offsets": [
          -2, 
          -1, 
          0
        ]
      }, 
      {
        "args": {}, 
        "factory_name": "is_last", 
        "offsets": [
          0, 
          1, 
          2
        ]
      }, 
      {
        "args": {
          "language_code": "en", 
          "n": 1
        }, 
        "factory_name": "shape_ngram", 
        "offsets": [
          0
        ]
      }, 
      {
        "args": {
          "language_code": "en", 
          "n": 2
        }, 
        "factory_name": "shape_ngram", 
        "offsets": [
          -1, 
          0
        ]
      }, 
      {
        "args": {
          "language_code": "en", 
          "n": 3
        }, 
        "factory_name": "shape_ngram", 
        "offsets": [
          -1
        ]
      }, 
      {
        "args": {
          "collections": {
            "conditionName": [
              "rain", 
              "rainy", 
              "humid", 
              "snowfall", 
              "blizzard", 
              "hailing", 
              "snowing", 
              "sun", 
              "snow", 
              "hail", 
              "windy", 
              "fog", 
              "hail", 
              "storm", 
              "depress", 
              "rainfall", 
              "rainy", 
              "stormy", 
              "stormy", 
              "snowy", 
              "snowing", 
              "sun", 
              "sunni", 
              "snow", 
              "rain", 
              "cloudi", 
              "hot", 
              "fog", 
              "cloud", 
              "storm", 
              "foggy", 
              "depress", 
              "rainfall", 
              "snowy", 
              "overcast", 
              "sunni", 
              "be sunni", 
              "hailing", 
              "snowfall", 
              "be sunni", 
              "rain", 
              "foggy", 
              "humid", 
              "snowstorm", 
              "wind", 
              "rain", 
              "humid", 
              "blizzard", 
              "overcast", 
              "hot", 
              "cloudi", 
              "humid", 
              "windy", 
              "cloud", 
              "snowstorm", 
              "wind"
            ], 
            "country": [
              "canada", 
              "guernsey", 
              "uzbekistan", 
              "swaziland", 
              "cameroon", 
              "burkina faso", 
              "somaliland", 
              "sao tome principe", 
              "trinidad tobago", 
              "rwanda", 
              "trinidad tobago", 
              "republ of macedonia", 
              "dominica", 
              "ghana", 
              "guineabissau", 
              "georgia", 
              "saint vincent & the grenadines", 
              "turkish republ of northern cyprus", 
              "mauritania", 
              "philippin", 
              "madagascar", 
              "moldova", 
              "bosnia and herzegovina", 
              "south korea", 
              "tajikistan", 
              "turkey", 
              "jamaica", 
              "samoa", 
              "guinea bissau", 
              "trinidad & tobago", 
              "bosnia herzegovina", 
              "slovakia", 
              "saint vincent the grenadines", 
              "nauru", 
              "norway", 
              "afghanistan", 
              "tajikistan", 
              "panama", 
              "montenegro", 
              "somalia", 
              "brunei", 
              "iran", 
              "libya", 
              "finland", 
              "central african republ", 
              "liechtenstein", 
              "peopl s republ of china", 
              "turkish republ of northern cyprus", 
              "beliz", 
              "ukrain", 
              "portug", 
              "democrat republ of the congo", 
              "oman", 
              "peopl s republ of china", 
              "antigua barbuda", 
              "mauritius", 
              "antigua barbuda", 
              "dominican republ", 
              "myanmar", 
              "egypt", 
              "the bahama", 
              "costa rica", 
              "papua new guinea", 
              "austria", 
              "ivori coast", 
              "thailand", 
              "nigeria", 
              "ecuador", 
              "saudi arabia", 
              "australia", 
              "compani rule in india", 
              "tuvalu", 
              "franc", 
              "peru", 
              "malawi", 
              "israel", 
              "denmark", 
              "philippin", 
              "morocco", 
              "sao tome & principe", 
              "antigua barbuda", 
              "estonia", 
              "kosovo", 
              "lebanon", 
              "trinidad tobago", 
              "colombia", 
              "mali", 
              "grenada", 
              "sao tome and principe", 
              "yemen", 
              "sao tome principe", 
              "palau", 
              "uruguay", 
              "nepal", 
              "india", 
              "lesotho", 
              "netherland", 
              "south sudan", 
              "suriname", 
              "kingdom of the netherland", 
              "fiji island", 
              "trinidad and tobago", 
              "jordan", 
              "antigua and barbuda", 
              "zambia", 
              "eritrea", 
              "saint vincent the grenadines", 
              "solomon island", 
              "syria", 
              "syria", 
              "dominica", 
              "eritrea", 
              "equatorial guinea", 
              "serbia", 
              "greec", 
              "peopl republ of china", 
              "saint vincent & the grenadines", 
              "sao tome and principe", 
              "unit state of america", 
              "azerbaijan", 
              "north korea", 
              "antigua barbuda", 
              "japan", 
              "bolivia", 
              "ghana", 
              "saudi arabia", 
              "lithuania", 
              "republ of the congo", 
              "mongolia", 
              "unit kingdom", 
              "guatemala", 
              "peopl s republ of china", 
              "argentina", 
              "norway", 
              "sweden", 
              "spain", 
              "belarus", 
              "trinidad & tobago", 
              "oman", 
              "saint kitts and nevis", 
              "gabon", 
              "liberia", 
              "netherland", 
              "unit arab emir", 
              "india", 
              "lesotho", 
              "latvia", 
              "namibia", 
              "sri lanka", 
              "kenya", 
              "sao tome and principe", 
              "angola", 
              "czech republ", 
              "solomon island", 
              "sao tome principe", 
              "san marino", 
              "mongolia", 
              "peru", 
              "benin", 
              "canada", 
              "palau", 
              "equatorial guinea", 
              "kuwait", 
              "nepal", 
              "central african republ", 
              "saint kitts nevis", 
              "peopl s republ of china", 
              "venezuela", 
              "ukrain", 
              "tonga", 
              "western sahara", 
              "indonesia", 
              "mauritius", 
              "mali", 
              "kiribati", 
              "bulgaria", 
              "sao tome and principe", 
              "angola", 
              "chad", 
              "south africa", 
              "finland", 
              "seneg", 
              "marshal island", 
              "uganda", 
              "hungari", 
              "niger", 
              "brazil", 
              "romania", 
              "seychelles", 
              "colombia", 
              "niger", 
              "fiji", 
              "iran", 
              "algeria", 
              "marshal island", 
              "swaziland", 
              "palestin", 
              "kiribati", 
              "haiti", 
              "iraq", 
              "ecuador", 
              "gambia", 
              "montenegro", 
              "cyprus", 
              "belgium", 
              "jordan", 
              "guinea bissau", 
              "nigeria", 
              "sahrawi arab democrat republ", 
              "isl of man", 
              "mexico", 
              "djibouti", 
              "gabon", 
              "nicaragua", 
              "russia", 
              "transnistria", 
              "saint kitts & nevis", 
              "greec", 
              "san marino", 
              "democrat republ of the congo", 
              "bosnia and herzegovina", 
              "uganda", 
              "burundi", 
              "venezuela", 
              "botswana", 
              "iceland", 
              "zambia", 
              "malta", 
              "sao tome & principe", 
              "germani", 
              "saint vincent the grenadines", 
              "cameroon", 
              "benin", 
              "somaliland", 
              "kyrgyzstan", 
              "iceland", 
              "saint lucia", 
              "germani", 
              "guyana", 
              "vatican citi", 
              "tonga", 
              "hondura", 
              "egypt", 
              "tanzania", 
              "liechtenstein", 
              "namibia", 
              "comoros", 
              "east timor", 
              "turkmenistan", 
              "kosovo", 
              "unit state of america", 
              "ethiopia", 
              "seneg", 
              "sao tome & principe", 
              "palestin", 
              "hungari", 
              "bosnia and herzegovina", 
              "guineabissau", 
              "bahrain", 
              "liberia", 
              "maldiv", 
              "cuba", 
              "tanzania", 
              "guatemala", 
              "peopl s republ of china", 
              "monaco", 
              "haiti", 
              "kazakhstan", 
              "nauru", 
              "saint vincent the grenadines", 
              "denmark", 
              "antigua & barbuda", 
              "democrat republ of the congo", 
              "croatia", 
              "switzerland", 
              "bulgaria", 
              "afghanistan", 
              "albania", 
              "compani rule in india", 
              "unit state of america", 
              "franc", 
              "vanuatu", 
              "malawi", 
              "brazil", 
              "guinea", 
              "republ of the congo", 
              "antigua and barbuda", 
              "dominican republ", 
              "transnistria", 
              "taiwan", 
              "unit arab emir", 
              "saint kitts and nevis", 
              "saint kitts nevis", 
              "peopl s republ of china", 
              "armenia", 
              "kingdom of the netherland", 
              "sao tome and principe", 
              "sahrawi arab democrat republ", 
              "libya", 
              "malaysia", 
              "pakistan", 
              "czech republ", 
              "tunisia", 
              "guinea", 
              "panama", 
              "luxembourg", 
              "cape verd", 
              "andorra", 
              "ireland", 
              "saint vincent & the grenadines", 
              "comoros", 
              "turkey", 
              "iraq", 
              "estonia", 
              "el salvador", 
              "bosnia herzegovina", 
              "bhutan", 
              "lao", 
              "thailand", 
              "beliz", 
              "sierra leon", 
              "sao tome principe", 
              "georgia", 
              "western sahara", 
              "poland", 
              "guinea bissau", 
              "moldova", 
              "togo", 
              "bosnia & herzegovina", 
              "chile", 
              "spain", 
              "sao tome and principe", 
              "isl of man", 
              "saint kitts & nevis", 
              "bosnia & herzegovina", 
              "uzbekistan", 
              "taiwan", 
              "cyprus", 
              "barbado", 
              "qatar", 
              "isl of man", 
              "itali", 
              "portug", 
              "mexico", 
              "sudan", 
              "sao tome principe", 
              "kenya", 
              "sao tome principe", 
              "saint vincent the grenadines", 
              "israel", 
              "itali", 
              "papua new guinea", 
              "ethiopia", 
              "zimbabw", 
              "peopl s republ of china", 
              "mauritania", 
              "singapor", 
              "tuvalu", 
              "guinea bissau", 
              "costa rica", 
              "slovenia", 
              "latvia", 
              "el salvador", 
              "republ of macedonia", 
              "poland", 
              "indonesia", 
              "cape verd", 
              "unit kingdom", 
              "guernsey", 
              "monaco", 
              "paraguay", 
              "fiji", 
              "botswana", 
              "east timor", 
              "federated state of micronesia", 
              "compani rule in india", 
              "lithuania", 
              "cambodia", 
              "djibouti", 
              "argentina", 
              "barbado", 
              "bahrain", 
              "saint kitts nevis", 
              "bhutan", 
              "andorra", 
              "slovenia", 
              "kuwait", 
              "sierra leon", 
              "saint kitts nevis", 
              "australia", 
              "pakistan", 
              "fiji island", 
              "zimbabw", 
              "belgium", 
              "new zealand", 
              "yemen", 
              "burkina faso", 
              "jamaica", 
              "kyrgyzstan", 
              "albania", 
              "samoa", 
              "kazakhstan", 
              "azerbaijan", 
              "saint vincent and the grenadines", 
              "bangladesh", 
              "saint lucia", 
              "lebanon", 
              "malaysia", 
              "rwanda", 
              "mozambiqu", 
              "somalia", 
              "lao", 
              "kingdom of the netherland", 
              "nicaragua", 
              "new zealand", 
              "federated state of micronesia", 
              "qatar", 
              "turkmenistan", 
              "singapor", 
              "sudan", 
              "saint kitts and nevis", 
              "luxembourg", 
              "togo", 
              "bosnia herzegovina", 
              "armenia", 
              "saint vincent and the grenadines", 
              "the bahama", 
              "trinidad and tobago", 
              "sweden", 
              "vietnam", 
              "antigua and barbuda", 
              "vatican citi", 
              "russia", 
              "romania", 
              "gambia", 
              "trinidad tobago", 
              "antigua & barbuda", 
              "austria", 
              "mozambiqu", 
              "japan", 
              "peopl republ of china", 
              "federated state of micronesia", 
              "saint vincent and the grenadines", 
              "ivori coast", 
              "sao tome principe", 
              "hondura", 
              "brunei", 
              "madagascar", 
              "belarus", 
              "bangladesh", 
              "peopl s republ of china", 
              "slovakia", 
              "chile", 
              "turkish republ of northern cyprus", 
              "south korea", 
              "bolivia", 
              "ireland", 
              "serbia", 
              "croatia", 
              "switzerland", 
              "grenada", 
              "seychelles", 
              "uruguay", 
              "morocco", 
              "guyana", 
              "burundi", 
              "chad", 
              "fiji island", 
              "malta", 
              "bosnia herzegovina", 
              "saint vincent and the grenadines", 
              "paraguay", 
              "saint vincent the grenadines", 
              "algeria", 
              "south africa", 
              "republ of the congo", 
              "cambodia", 
              "vanuatu", 
              "north korea", 
              "south sudan", 
              "peopl republ of china", 
              "suriname", 
              "maldiv", 
              "myanmar", 
              "tunisia", 
              "cuba", 
              "trinidad and tobago", 
              "vietnam", 
              "republ of macedonia", 
              "sri lanka", 
              "sao tome principe", 
              "sao tome & principe"
            ], 
            "geographicalPOI": [
              "tigris", 
              "sierra nevada", 
              "snake river", 
              "yellowstone caldera", 
              "godavari river", 
              "los angel counti", 
              "pinatubo", 
              "hudson river", 
              "indus river", 
              "mont blanc", 
              "mekong river", 
              "river thames", 
              "kanchenjunga", 
              "yamuna", 
              "ganges", 
              "matterhorn", 
              "bixby creek bridg", 
              "u s rout sixty six", 
              "yangtze", 
              "stone mountain", 
              "jordan river", 
              "narmada river", 
              "yosemite nation park", 
              "us rout sixty six", 
              "rubicon", 
              "mount rushmore", 
              "pichu pichu", 
              "california state univers long beach", 
              "mount sinai", 
              "neverland ranch valley", 
              "mount athos", 
              "redwood nation state park", 
              "mount fuji", 
              "redwood nation state park", 
              "indus river", 
              "el capitan", 
              "godavari river", 
              "nile", 
              "mount zion", 
              "amazon", 
              "silicon valley", 
              "mount kilimanjaro", 
              "california state univers long beach", 
              "joshua tree nation park", 
              "lake district", 
              "oracl arena", 
              "tigris", 
              "mount zion", 
              "u s rout 66", 
              "aconcagua", 
              "san francisco bay area", 
              "us rout sixty six", 
              "california gold rush", 
              "san andrea fault", 
              "san lui obispo", 
              "sequoia nation park", 
              "kaveri river", 
              "congo river", 
              "rhine", 
              "death valley", 
              "euphrates", 
              "death valley nation park", 
              "mount kailash", 
              "devils tower", 
              "pichu pichu", 
              "yellowstone nation park", 
              "danube", 
              "mount rainier", 
              "san fernando valley", 
              "san francisco bay area", 
              "amur", 
              "denali", 
              "u s rout sixty six", 
              "amazon", 
              "santorini", 
              "hearst castl", 
              "us rout sixty six", 
              "us rout sixty six", 
              "saint lawrenc river", 
              "congo river", 
              "glacier nation park", 
              "yellowstone caldera", 
              "u s rout sixty six", 
              "seine", 
              "mount sinai", 
              "california gold rush", 
              "death valley nation park", 
              "krakatau", 
              "redwood nation and state park", 
              "lake taho", 
              "mount ararat", 
              "columbia river", 
              "mount olympus", 
              "neverland ranch valley", 
              "univers peak", 
              "mekong river", 
              "saint lawrenc river", 
              "us rout sixty six", 
              "ben nevis", 
              "stone mountain", 
              "missouri river", 
              "redwood nation & state park", 
              "nile", 
              "us rout 66", 
              "san diego counti", 
              "jordan river", 
              "us rout 66", 
              "volga", 
              "mount whitney", 
              "santorini", 
              "yellow river", 
              "danube", 
              "mount kilimanjaro", 
              "us rout sixty six", 
              "sierra nevada", 
              "salton sea", 
              "devils tower", 
              "mount evan", 
              "amur", 
              "denali", 
              "mont blanc", 
              "yosemite nation park", 
              "k2", 
              "san lui obispo", 
              "rubicon", 
              "us rout sixty six", 
              "joshua tree nation park", 
              "mount evan", 
              "hearst castl", 
              "mount shasta", 
              "elbe", 
              "mount olympus", 
              "glacier nation park", 
              "u s rout sixty six", 
              "san bernardino counti", 
              "redwood nation & state park", 
              "mojave desert", 
              "univers peak", 
              "mississippi river", 
              "stanislaus counti", 
              "mauna kea", 
              "yellow river", 
              "us rout sixty six", 
              "mount elbrus", 
              "colorado river", 
              "ohio river", 
              "u s rout 66", 
              "salton sea", 
              "snake river", 
              "u s rout 66", 
              "el capitan", 
              "us rout sixty six", 
              "us rout 66", 
              "san diego counti", 
              "yellowstone nation park", 
              "thames", 
              "mount hay", 
              "mount rushmore", 
              "orang counti", 
              "severn", 
              "u s rout 66", 
              "aconcagua", 
              "lake district", 
              "oracl arena", 
              "us rout sixty six", 
              "u s rout 66", 
              "mount athos", 
              "pinatubo", 
              "missouri river", 
              "univers of california irvine", 
              "euphrates", 
              "rio grand", 
              "krakatau", 
              "sequoia nation park", 
              "mauna kea", 
              "orang counti", 
              "stanislaus counti", 
              "redwood nation state park", 
              "matterhorn", 
              "elbe", 
              "univers of california irvine", 
              "mount shasta", 
              "ohio river", 
              "mount elbrus", 
              "mount hay", 
              "san andrea fault", 
              "us rout 66", 
              "redwood nation and state park", 
              "river thames", 
              "hudson river", 
              "potomac river", 
              "us rout sixty six", 
              "redwood nation and state park", 
              "ben nevis", 
              "mount everest", 
              "mount rainier", 
              "seine", 
              "us rout 66", 
              "k2", 
              "us rout 66", 
              "kanchenjunga", 
              "mississippi river", 
              "ganges", 
              "yamuna", 
              "bixby creek bridg", 
              "u s rout sixty six", 
              "mount kailash", 
              "redwood nation state park", 
              "death valley", 
              "mount ararat", 
              "los angel counti", 
              "mount whitney", 
              "u s rout sixty six", 
              "lake taho", 
              "silicon valley", 
              "columbia river", 
              "yangtze", 
              "neverland ranch valley", 
              "mount fuji", 
              "potomac river", 
              "rhine", 
              "univers of california irvine", 
              "mount everest", 
              "san bernardino counti", 
              "u s rout 66", 
              "narmada river", 
              "rio grand", 
              "mojave desert", 
              "thames", 
              "colorado river", 
              "kaveri river", 
              "volga", 
              "severn", 
              "san fernando valley"
            ], 
            "locality": [
              "kinshasa", 
              "rovaniemi", 
              "nagaokakyo", 
              "le mont saintmichel", 
              "orlean", 
              "le montsaintmichel", 
              "s hertogenbosch", 
              "saint malo", 
              "boulognesur mer", 
              "durango", 
              "assen", 
              "rosh haayin", 
              "myth drannor", 
              "tour", 
              "mosul", 
              "toledo", 
              "st georg s", 
              "kunikyo", 
              "chicago br", 
              "schaffhausen", 
              "tambacounda", 
              "washington d c", 
              "fujiwara kyo", 
              "venic", 
              "liverpool", 
              "mamuju", 
              "nagaokakyo", 
              "sarnen", 
              "pari", 
              "neuchatel", 
              "lille", 
              "fremont", 
              "paumona", 
              "orlean", 
              "niamey", 
              "skopje", 
              "herisau", 
              "st georg s", 
              "atlanta", 
              "caen", 
              "montevideo", 
              "zurich", 
              "st john s", 
              "amiens", 
              "reykjavik", 
              "tulsa", 
              "kigali", 
              "saintmalo", 
              "arequipa", 
              "st georg s", 
              "bratislava", 
              "ankara", 
              "el paso & nbsp", 
              "st gallen", 
              "biarritz", 
              "colmar", 
              "bamako", 
              "biarritz", 
              "shravasti", 
              "khanbaliq", 
              "charlott", 
              "el paso & nbsp", 
              "brisban", 
              "saint etienne", 
              "maastricht", 
              "ouarzazate", 
              "middelburg", 
              "chicagobr", 
              "boulognesurmer", 
              "haarlem", 
              "st georges", 
              "seattl", 
              "vilnius", 
              "saintetienne", 
              "mecca", 
              "fujiwara kyo", 
              "ranchi", 
              "strasbourg", 
              "reims", 
              "bogota", 
              "baku", 
              "saintetienne", 
              "avignon", 
              "denver", 
              "calais", 
              "luanda", 
              "riyadh", 
              "chicago br", 
              "rouen", 
              "arraqqah", 
              "le mont saintmichel", 
              "copenhagen", 
              "kaliningrad", 
              "corrientes", 
              "schwyz", 
              "fukuharakyo", 
              "cordoba", 
              "florianopolis", 
              "neuchatel", 
              "chicago", 
              "fujiwara kyo", 
              "shertogenbosch", 
              "san diego", 
              "kuala lumpur", 
              "kairouan", 
              "le mans", 
              "lelystad", 
              "newcastl upon tyne", 
              "hamilton", 
              "st polten", 
              "castries", 
              "port auprince", 
              "san jose del cabo", 
              "le havre", 
              "bern", 
              "s hertogenbosch", 
              "yamoussoukro", 
              "colorado spring", 
              "shumen", 
              "washington dc", 
              "san jose", 
              "rosh haayin", 
              "malaga", 
              "st georg s", 
              "brussel", 
              "saint malo", 
              "brasilia", 
              "st georg s", 
              "asmara", 
              "boulognesur mer", 
              "albuquerqu", 
              "bangkok", 
              "stuttgart", 
              "st john", 
              "utrecht", 
              "aix enprovence", 
              "sunnyvale", 
              "el pasonbsp", 
              "asuncion", 
              "carcassonne", 
              "chiva", 
              "kuni kyo", 
              "virginia beach", 
              "fort worth", 
              "minas tirith", 
              "wa", 
              "lucknow", 
              "chicago br", 
              "parrita", 
              "pretoria", 
              "guatemala citi", 
              "fukuhara kyo", 
              "andorra la vella", 
              "yaounde", 
              "el pasonbsp", 
              "besancon", 
              "timbuktu", 
              "st john", 
              "las vega", 
              "st john", 
              "abu dhabi", 
              "kathmandu", 
              "bouarfa", 
              "taipei", 
              "mariehamn", 
              "lwowek slaski", 
              "shanghai", 
              "fukuhara kyo", 
              "istanbul", 
              "st polten", 
              "saint tropez", 
              "zurich", 
              "nagaoka kyo", 
              "nanjing", 
              "louisvill", 
              "lagos", 
              "xativa", 
              "besancon", 
              "manila", 
              "pyongyang", 
              "paramaribo", 
              "port au princ", 
              "chisinau", 
              "lima", 
              "florenc", 
              "ecbatana", 
              "nice", 
              "nassau", 
              "columbus", 
              "luanda", 
              "fribourg", 
              "ranchi", 
              "parrita", 
              "gatchina", 
              "naniwakyo", 
              "kingstown", 
              "hanoi", 
              "bucarest", 
              "calais", 
              "saint malo", 
              "le montsaintmichel", 
              "port elizabeth saint vincent the grenadines", 
              "st john", 
              "krakow", 
              "memphi", 
              "turin", 
              "buckeburg", 
              "brighton", 
              "roschester", 
              "malaga", 
              "peshawar", 
              "zurich", 
              "fresno", 
              "orlando", 
              "phnom penh", 
              "timbuktu", 
              "berlin", 
              "cambridg", 
              "boulognesur mer", 
              "sucre", 
              "vaduz", 
              "s hertogenbosch", 
              "herculaneum", 
              "genoa", 
              "tampa", 
              "yerevan", 
              "maputo", 
              "kabul", 
              "toulouse", 
              "florianopolis", 
              "kampala", 
              "tokyo", 
              "palo alto", 
              "islamabad", 
              "st john s", 
              "aix en provence", 
              "london", 
              "long beach", 
              "maastricht", 
              "birmingham", 
              "port elizabeth saint vincent and the grenadines", 
              "boston", 
              "saintetienne", 
              "oklahoma citi", 
              "kunikyo", 
              "saint helier", 
              "chicagobr", 
              "tallinn", 
              "beij", 
              "addis ababa", 
              "nimes", 
              "sarnen", 
              "fukuharakyo", 
              "toulon", 
              "cape town", 
              "fort worth", 
              "portauprince", 
              "gatchina", 
              "naniwa kyo", 
              "port elizabeth saint vincent & the grenadines", 
              "verdun", 
              "fukuoka", 
              "port elizabeth saint vincent the grenadines", 
              "washington dc", 
              "brest", 
              "glasgow", 
              "arles", 
              "clermont ferrand", 
              "asuka yamato", 
              "new delhi", 
              "mianwali citi", 
              "tacoma", 
              "alzira", 
              "phoenix", 
              "zagreb", 
              "ciudad colon", 
              "citi of london", 
              "st georg s", 
              "fukuhara kyo", 
              "arequipa", 
              "cocentaina", 
              "munich", 
              "irvine", 
              "kabul", 
              "louisvill", 
              "vancouv", 
              "kolkata", 
              "tuxon", 
              "lusaka", 
              "saint helier", 
              "buckeburg", 
              "shertogenbosch", 
              "albocasser", 
              "naniwa kyo", 
              "edinburgh", 
              "kuni kyo", 
              "portau princ", 
              "mamuju", 
              "kralendijk", 
              "naniwakyo", 
              "chesapeake", 
              "compton", 
              "willemstad", 
              "nimes", 
              "managua", 
              "padua", 
              "sarajevo", 
              "rennes", 
              "mesa", 
              "nagaoka kyo", 
              "putrajaya", 
              "boulogne sur mer", 
              "st loui", 
              "albocasser", 
              "portau princ", 
              "belgrade", 
              "brussel", 
              "shertogenbosch", 
              "le mont saint michel", 
              "antananarivo", 
              "santo domingo", 
              "santa cruz de tenerife", 
              "des moines", 
              "port of spain", 
              "boulogne sur mer", 
              "washukanni", 
              "nanci", 
              "oslo", 
              "fukuhara kyo", 
              "lugdunum", 
              "putrajaya", 
              "bridgetown", 
              "chicago br", 
              "kuni kyo", 
              "houston", 
              "anchorage", 
              "nashvill", 
              "utqiagvik", 
              "casablanca", 
              "canberra", 
              "fresno", 
              "laayoune", 
              "rio de janeiro", 
              "montgomeri", 
              "port moresby", 
              "tirana", 
              "perth", 
              "windhoek", 
              "st georges", 
              "st polten", 
              "belfast", 
              "smolensk", 
              "beirut", 
              "st gallen", 
              "halifax", 
              "port elizabeth saint vincent and the grenadines", 
              "bangkok", 
              "durjaya", 
              "philipsburg", 
              "aix enprovence", 
              "naniwa kyo", 
              "delhi", 
              "aix en provence", 
              "johannesburg", 
              "denver", 
              "middelburg", 
              "damascus", 
              "new orlean", 
              "virginia beach", 
              "hamburg", 
              "leicester", 
              "ar raqqah", 
              "aixenprovence", 
              "brussel", 
              "corrientes", 
              "shertogenbosch", 
              "tegucigalpa", 
              "dubai", 
              "addis ababa", 
              "alzira", 
              "zagreb", 
              "miami", 
              "st georges", 
              "ciudad colon", 
              "phnom penh", 
              "capit of the netherland", 
              "dodoma", 
              "rome", 
              "hamilton", 
              "ar raqqah", 
              "roma", 
              "dodoma", 
              "washington d c", 
              "perpignan", 
              "mogadishu", 
              "taipei", 
              "naniwa kyo", 
              "liberia", 
              "st polten", 
              "siem reap", 
              "nimes", 
              "boulogne surmer", 
              "kralendijk", 
              "savannah", 
              "cairo", 
              "villajoyosa", 
              "washington dc", 
              "agartala", 
              "detroit", 
              "seville", 
              "rosh haayin", 
              "milan", 
              "newcastl upon tyne", 
              "stockholm", 
              "citi of london", 
              "hecatompylos", 
              "rennes", 
              "genoa", 
              "arles", 
              "s hertogenbosch", 
              "st john s", 
              "dhaka", 
              "milwauke", 
              "castries", 
              "belgrade", 
              "harare", 
              "metz", 
              "cairo", 
              "mbabane", 
              "st georg s", 
              "capit of the netherland", 
              "damascus", 
              "milan", 
              "boulognesurmer", 
              "conakry", 
              "sion", 
              "portland", 
              "bissau", 
              "jacksonvill", 
              "seoul", 
              "reims", 
              "chicago br", 
              "jerusalem", 
              "kampala", 
              "brazzaville", 
              "clermontferrand", 
              "zwolle", 
              "avignon", 
              "praia", 
              "tallinn", 
              "sacramento", 
              "washington dc", 
              "manchest", 
              "aix enprovence", 
              "schaffhausen", 
              "astana", 
              "algiers", 
              "bhopal", 
              "stans", 
              "arnhem", 
              "fribourg", 
              "quito", 
              "lucknow", 
              "shimla", 
              "brooklyn", 
              "neuchatel", 
              "ouarzazate", 
              "honiara", 
              "palikir", 
              "tucson", 
              "el pasonbsp", 
              "aixen provence", 
              "chicago br", 
              "san jose del cabo", 
              "buffalo", 
              "kuni kyo", 
              "roschester", 
              "hattusa", 
              "pune", 
              "durjaya", 
              "clermont ferrand", 
              "lagos", 
              "madrid", 
              "aix en provence", 
              "baku", 
              "rio de janeiro", 
              "st john s", 
              "san francisco", 
              "lausanne", 
              "raleigh", 
              "washington dc", 
              "charleston", 
              "utqiagvik", 
              "austin", 
              "ar raqqah", 
              "athkatla", 
              "adelaid", 
              "mexico citi", 
              "toulouse", 
              "bristol", 
              "sao paulo", 
              "saint etienne", 
              "washington d c", 
              "agartala", 
              "fujiwarakyo", 
              "boulogne surmer", 
              "brazzaville", 
              "yao", 
              "maseru", 
              "st john s", 
              "patna", 
              "el paso & nbsp", 
              "nagaoka kyo", 
              "fujiwara kyo", 
              "port elizabeth saint vincent and the grenadines", 
              "st john s", 
              "shertogenbosch", 
              "groningen", 
              "kuni kyo", 
              "ulaanbaatar", 
              "nagaokakyo", 
              "strasbourg", 
              "santa elena", 
              "chicagobr", 
              "thessaloniki", 
              "riga", 
              "st john s", 
              "aix enprovence", 
              "portauprince", 
              "nagaoka kyo", 
              "st john s", 
              "fujiwarakyo", 
              "aix en provence", 
              "fukuharakyo", 
              "chisinau", 
              "mesa", 
              "nantes", 
              "delemont", 
              "khanbaliq", 
              "krakow", 
              "georgetown", 
              "brasilia", 
              "tashkent", 
              "helsinki", 
              "ciudad colon", 
              "moscow", 
              "dijon", 
              "paumona", 
              "antibes", 
              "podgorica", 
              "st john", 
              "boulognesurmer", 
              "agadir", 
              "saint ann", 
              "cannes", 
              "st georges", 
              "tehran", 
              "charleston", 
              "bordeaux", 
              "boulognesur mer", 
              "nairobi", 
              "buckeburg", 
              "malaga", 
              "port au princ", 
              "roseau", 
              "le montsaint michel", 
              "arnhem", 
              "naniwakyo", 
              "canberra", 
              "fukuhara kyo", 
              "helsinki", 
              "amaravati", 
              "new orlean", 
              "tunis", 
              "belo horizonte", 
              "le montsaint michel", 
              "arraqqah", 
              "lourdes", 
              "kansa citi", 
              "lima", 
              "belo horizonte", 
              "charlott", 
              "poitiers", 
              "santa rosa", 
              "banjul", 
              "chicago", 
              "panama citi", 
              "boston", 
              "villajoyosa", 
              "amman", 
              "san salvador", 
              "philadelphia", 
              "kunikyo", 
              "seville", 
              "fujiwarakyo", 
              "aixen provence", 
              "jaipur", 
              "reykjavik", 
              "napl", 
              "athkatla", 
              "warsaw", 
              "naniwakyo", 
              "rochest", 
              "brasilia", 
              "tashkent", 
              "palikir", 
              "nagaoka kyo", 
              "abu dhabi", 
              "san diego", 
              "montgomeri", 
              "santa cruz de tenerife", 
              "manama", 
              "tirana", 
              "fujiwara kyo", 
              "san antonio", 
              "chisinau", 
              "beirut", 
              "belmopan", 
              "sao paulo", 
              "santiago", 
              "cannes", 
              "saint etienne", 
              "cordoba", 
              "memphi", 
              "des moines", 
              "bucarest", 
              "victoria", 
              "kunikyo", 
              "skopje", 
              "naniwa kyo", 
              "ottawa", 
              "hecatompylos", 
              "vatican citi", 
              "san bernardino", 
              "fujiwara kyo", 
              "tbilisi", 
              "asuncion", 
              "mariehamn", 
              "washington d c", 
              "southampton", 
              "st polten", 
              "naniwa kyo", 
              "san jose del cabo", 
              "chicago br", 
              "montpellier", 
              "kayseri", 
              "jakarta", 
              "pragu", 
              "kingston", 
              "nanjing", 
              "tbilisi", 
              "el paso & nbsp", 
              "boulogne sur mer", 
              "agadir", 
              "s hertogenbosch", 
              "los angel", 
              "lisbon", 
              "bamako", 
              "bordeaux", 
              "tambacounda", 
              "kuni kyo", 
              "sainttropez", 
              "apia", 
              "port au princ", 
              "roseau", 
              "boulogne surmer", 
              "fujiwara kyo", 
              "xativa", 
              "kiev", 
              "fukuhara kyo", 
              "papeete", 
              "pari", 
              "lwowek slaski", 
              "chicago br", 
              "honiara", 
              "johannesburg", 
              "saint tropez", 
              "manchest", 
              "nouakchott", 
              "bratislava", 
              "abuja", 
              "aix en provence", 
              "bhopal", 
              "solothurn", 
              "shumen", 
              "tegucigalpa", 
              "santiago", 
              "siem reap", 
              "kota kinabalu", 
              "tulsa", 
              "mumbai", 
              "aix enprovence", 
              "sacramento", 
              "alcoi alcoy", 
              "port of spain", 
              "maputo", 
              "le mans", 
              "savannah", 
              "florianopolis", 
              "oslo", 
              "padua", 
              "kansa citi", 
              "naniwa kyo", 
              "bissau", 
              "nantes", 
              "liberia", 
              "pune", 
              "havana", 
              "st georg s", 
              "el paso & nbsp", 
              "new york citi", 
              "sri jayawardenepura kotte", 
              "dublin", 
              "minas tirith", 
              "antananarivo", 
              "ontinyent", 
              "el pasonbsp", 
              "baghdad", 
              "reykjavik", 
              "nuuk", 
              "appenzell", 
              "port elizabeth saint vincent & the grenadines", 
              "st loui", 
              "albocasser", 
              "st loui", 
              "budapest", 
              "majuro", 
              "bolzano", 
              "grenoble", 
              "chesapeake", 
              "dijon", 
              "washington", 
              "minneapoli", 
              "boulogne sur mer", 
              "washington d c", 
              "saint tropez", 
              "conakry", 
              "dalla", 
              "kuwait citi", 
              "paramaribo", 
              "herisau", 
              "herculaneum", 
              "colorado spring", 
              "mogadishu", 
              "asuncion", 
              "portau princ", 
              "san juan", 
              "peshawar", 
              "san marcos costa rica", 
              "rochest", 
              "caracas", 
              "fontana", 
              "port elizabeth saint vincent the grenadines", 
              "pragu", 
              "poitiers", 
              "san salvador", 
              "ouagadougou", 
              "cologn", 
              "lausanne", 
              "washukanni", 
              "sydney", 
              "lisbon", 
              "santa ana", 
              "stanley", 
              "aix en provence", 
              "orlean", 
              "s hertogenbosch", 
              "petra", 
              "chicago br", 
              "mecca", 
              "boulognesur mer", 
              "sao paulo", 
              "turquoise mountain", 
              "le mont saint michel", 
              "clermontferrand", 
              "fontana", 
              "new york citi", 
              "port auprince", 
              "dusseldorf", 
              "mbabane", 
              "asuka yamato", 
              "berlin", 
              "chicagobr", 
              "xativa", 
              "apia", 
              "los angel", 
              "toledo", 
              "tehran", 
              "cirat", 
              "smolensk", 
              "kuni kyo", 
              "glasgow", 
              "durango", 
              "st polten", 
              "southampton", 
              "nagaoka kyo", 
              "salt lake citi", 
              "wa", 
              "chicagobr", 
              "lwowek slaski", 
              "nashvill", 
              "khartoum", 
              "port auprince", 
              "niamey", 
              "myth drannor", 
              "fuzhou", 
              "kisangani", 
              "san marcos", 
              "kathmandu", 
              "san bernardino", 
              "pretoria", 
              "thessaloniki", 
              "krakow", 
              "kigali", 
              "metz", 
              "guatemala citi", 
              "compton", 
              "ontinyent", 
              "lilongwe", 
              "the bottom", 
              "managua", 
              "las vega", 
              "tour", 
              "mosul", 
              "bristol", 
              "sion", 
              "st georg s", 
              "leed", 
              "dusseldorf", 
              "tacoma", 
              "saint etienne", 
              "baltimor", 
              "hanoi", 
              "luxembourg", 
              "linguere", 
              "persepolis", 
              "krakow", 
              "port auprince", 
              "riyadh", 
              "santa ana", 
              "sao paulo", 
              "s hertogenbosch", 
              "turin", 
              "la paz", 
              "nagaoka kyo", 
              "st gallen", 
              "fujiwara kyo", 
              "athen", 
              "capit of the netherland", 
              "the hague", 
              "delemont", 
              "jaipur", 
              "buenos aires", 
              "khartoum", 
              "santo domingo", 
              "kayseri", 
              "yao", 
              "saintetienne", 
              "st john", 
              "bangalore", 
              "port elizabeth saint vincent & the grenadines", 
              "asuncion", 
              "cordoba", 
              "abuja", 
              "napl", 
              "chicago br", 
              "toronto", 
              "solothurn", 
              "willemstad", 
              "kuwait citi", 
              "linguere", 
              "aixen provence", 
              "tokyo", 
              "saint etienne", 
              "islamabad", 
              "basseterre", 
              "saintmalo", 
              "wellington", 
              "toronto", 
              "irvine", 
              "constantinople", 
              "chur", 
              "stockholm", 
              "hamburg", 
              "lourdes", 
              "atlanta", 
              "jiankang", 
              "portau princ", 
              "chicagobr", 
              "st john s", 
              "neuchatel", 
              "boulognesur mer", 
              "st georg s", 
              "belmopan", 
              "zwolle", 
              "brasilia", 
              "amiens", 
              "antibes", 
              "aixen provence", 
              "augusta", 
              "le mont saintmichel", 
              "sucre", 
              "cleveland", 
              "persepolis", 
              "vancouv", 
              "oklahoma citi", 
              "omaha", 
              "altdorf", 
              "san juan", 
              "venic", 
              "sri jayawardenepura kotte", 
              "doha", 
              "el paso & nbsp", 
              "dublin", 
              "port elizabeth saint vincent the grenadines", 
              "shanghai", 
              "st georges", 
              "albocasser", 
              "port moresby", 
              "quito", 
              "ghardaia", 
              "saint ann", 
              "valencia", 
              "aixenprovence", 
              "seattl", 
              "citi of london", 
              "verdun", 
              "montevideo", 
              "fukuhara kyo", 
              "georgetown", 
              "kota kinabalu", 
              "stuttgart", 
              "saint etienne", 
              "basseterre", 
              "st gallen", 
              "buenos aires", 
              "ouagadougou", 
              "buckeburg", 
              "the bottom", 
              "minsk", 
              "port au princ", 
              "manila", 
              "amman", 
              "colmar", 
              "kisangani", 
              "le montsaint michel", 
              "dunkirk", 
              "port au princ", 
              "fujiwarakyo", 
              "mexico citi", 
              "budapest", 
              "indianapoli", 
              "bali", 
              "singapor", 
              "jakarta", 
              "auckland", 
              "hattusa", 
              "barcelona", 
              "gaborone", 
              "praia", 
              "saint tropez", 
              "raleigh", 
              "nanci", 
              "palo alto", 
              "st polten", 
              "tuxon", 
              "brussel", 
              "caen", 
              "la paz", 
              "clermont ferrand", 
              "dhaka", 
              "houston", 
              "nagaoka kyo", 
              "clermont ferrand", 
              "garland", 
              "leicester", 
              "bogota", 
              "liestal", 
              "algiers", 
              "wellington", 
              "thiruvananthapuram", 
              "el paso", 
              "rome", 
              "utrecht", 
              "brownsville", 
              "sunnyvale", 
              "roma", 
              "milwauke", 
              "portland", 
              "jerusalem", 
              "port elizabeth saint vincent and the grenadines", 
              "boulogne surmer", 
              "boulogne sur mer", 
              "portau princ", 
              "lille", 
              "leeuwarden", 
              "el paso & nbsp", 
              "brisban", 
              "kingstown", 
              "s hertogenbosch", 
              "sofia", 
              "dusseldorf", 
              "seoul", 
              "aixenprovence", 
              "alexandria", 
              "birmingham", 
              "boulogne surmer", 
              "santa rosa", 
              "fukuharakyo", 
              "san francisco", 
              "bouarfa", 
              "nicosia", 
              "el paso & nbsp", 
              "rovaniemi", 
              "kuni kyo", 
              "belfast", 
              "montpellier", 
              "brest", 
              "harare", 
              "grenoble", 
              "andorra la vella", 
              "toulon", 
              "naniwa kyo", 
              "victoria", 
              "baghdad", 
              "constantinople", 
              "perth", 
              "appenzell", 
              "sydney", 
              "ljubljana", 
              "chur", 
              "chisinau", 
              "perpignan", 
              "shravasti", 
              "tampa", 
              "aixen provence", 
              "fukuoka", 
              "nuremberg", 
              "bolzano", 
              "san jose", 
              "delhi", 
              "fremont", 
              "ciudad colon", 
              "munich", 
              "portauprince", 
              "dakar", 
              "alexandria", 
              "geneva", 
              "ar raqqah", 
              "st georg s", 
              "tel aviv", 
              "washington d c", 
              "astana", 
              "yamoussoukro", 
              "casablanca", 
              "dubai", 
              "ulaanbaatar", 
              "malaga", 
              "leeuwarden", 
              "aarau", 
              "miami", 
              "zurich", 
              "saint etienne", 
              "orlando", 
              "dusseldorf", 
              "jacksonvill", 
              "cologn", 
              "long beach", 
              "fuzhou", 
              "london", 
              "sarajevo", 
              "rouen", 
              "besancon", 
              "asmara", 
              "san marcos", 
              "nairobi", 
              "yerevan", 
              "bucharest", 
              "aixen provence", 
              "utqiagvik", 
              "leed", 
              "aarau", 
              "madrid", 
              "port auprince", 
              "cocentaina", 
              "amaravati", 
              "santa cruz de tenerife", 
              "el pasonbsp", 
              "athen", 
              "cleveland", 
              "kolkata", 
              "halifax", 
              "vilnius", 
              "vienna", 
              "edinburgh", 
              "mianwali citi", 
              "oakland", 
              "garland", 
              "podgorica", 
              "xativa", 
              "moscow", 
              "albuquerqu", 
              "luxembourg", 
              "muscat", 
              "alcoi alcoy", 
              "st loui", 
              "nagaokakyo", 
              "saint etienne", 
              "muscat", 
              "delemont", 
              "windhoek", 
              "fujiwara kyo", 
              "florianopolis", 
              "le havre", 
              "majuro", 
              "oranjestad", 
              "liestal", 
              "andorra la vella", 
              "vientiane", 
              "cape town", 
              "linguere", 
              "st john s", 
              "san jose del cabo", 
              "indianapoli", 
              "stanley", 
              "boulogne surmer", 
              "vatican citi", 
              "bangalore", 
              "cagliari", 
              "brownsville", 
              "brighton", 
              "port au princ", 
              "new delhi", 
              "stans", 
              "fukuhara kyo", 
              "le mont saint michel", 
              "thiruvananthapuram", 
              "anchorage", 
              "frauenfeld", 
              "san marcos costa rica", 
              "brooklyn", 
              "naniwa kyo", 
              "melbourn", 
              "ghardaia", 
              "zug", 
              "st john s", 
              "port elizabeth saint vincent the grenadines", 
              "port auprince", 
              "jiankang", 
              "chiva", 
              "lusaka", 
              "kuni kyo", 
              "vientiane", 
              "cambridg", 
              "fukuhara kyo", 
              "la rochelle", 
              "fukuhara kyo", 
              "dalla", 
              "besancon", 
              "saint malo", 
              "washington", 
              "cardiff", 
              "reykjavik", 
              "manama", 
              "el pasonbsp", 
              "annecy", 
              "vichy", 
              "ljubljana", 
              "amsterdam", 
              "alcoi alcoy", 
              "assen", 
              "delemont", 
              "nagaokakyo", 
              "kerma", 
              "shertogenbosch", 
              "bali", 
              "shimla", 
              "loreto", 
              "auckland", 
              "st georges", 
              "philadelphia", 
              "salt lake citi", 
              "oakland", 
              "petra", 
              "alcoi alcoy", 
              "patna", 
              "vichy", 
              "loreto", 
              "valencia", 
              "nagaoka kyo", 
              "kuni kyo", 
              "schwyz", 
              "vienna", 
              "lwowek slaski", 
              "turquoise mountain", 
              "san jose", 
              "frauenfeld", 
              "portau princ", 
              "riga", 
              "rio de janeiro", 
              "detroit", 
              "nimes", 
              "washington dc", 
              "san antonio", 
              "lelystad", 
              "tunis", 
              "kuala lumpur", 
              "alcoi alcoy", 
              "nassau", 
              "lilongwe", 
              "bern", 
              "austin", 
              "fukuharakyo", 
              "tel aviv", 
              "lugdunum", 
              "bucharest", 
              "beij", 
              "nuremberg", 
              "kunikyo", 
              "banjul", 
              "the hague", 
              "kairouan", 
              "cagliari", 
              "cordoba", 
              "santa elena", 
              "laayoune", 
              "beijin", 
              "gaborone", 
              "tucson", 
              "mumbai", 
              "nicosia", 
              "geneva", 
              "linguere", 
              "kaliningrad", 
              "florenc", 
              "haarlem", 
              "sainttropez", 
              "nagaoka kyo", 
              "groningen", 
              "le mont saint michel", 
              "sofia", 
              "chandigarh", 
              "la rochelle", 
              "kingston", 
              "el paso", 
              "dushanbe", 
              "minneapoli", 
              "dakar", 
              "port of spain", 
              "liverpool", 
              "cirat", 
              "barcelona", 
              "fujiwarakyo", 
              "panama citi", 
              "dunkirk", 
              "augusta", 
              "adelaid", 
              "kinshasa", 
              "chandigarh", 
              "caracas", 
              "istanbul", 
              "aix enprovence", 
              "alcoi alcoy", 
              "altdorf", 
              "ankara", 
              "el paso & nbsp", 
              "maseru", 
              "annecy", 
              "bridgetown", 
              "naniwa kyo", 
              "le mont saintmichel", 
              "ecbatana", 
              "nice", 
              "oranjestad", 
              "naniwakyo", 
              "omaha", 
              "phoenix", 
              "vaduz", 
              "pyongyang", 
              "melbourn", 
              "cardiff", 
              "minsk", 
              "zug", 
              "philipsburg", 
              "amsterdam", 
              "san jose del cabo", 
              "utqiagvik", 
              "st polten", 
              "copenhagen", 
              "baltimor", 
              "kiev", 
              "s hertogenbosch", 
              "dushanbe", 
              "havana", 
              "beijin", 
              "doha", 
              "papeete", 
              "port elizabeth saint vincent the grenadines", 
              "le montsaint michel", 
              "singapor", 
              "ottawa", 
              "boulogne sur mer", 
              "yaounde", 
              "newcastl upon tyne", 
              "nouakchott", 
              "fujiwara kyo", 
              "nuuk", 
              "columbus", 
              "chicago br", 
              "carcassonne", 
              "buffalo", 
              "orlean", 
              "kerma", 
              "warsaw"
            ], 
            "region": [
              "mississippi", 
              "wyom", 
              "minnesota", 
              "illinoi", 
              "indiana", 
              "nevada", 
              "louisiana", 
              "main", 
              "texa", 
              "kansa", 
              "minnesota", 
              "connecticut", 
              "west virginia", 
              "maryland", 
              "texa", 
              "iowa", 
              "michigan", 
              "utah", 
              "alaska", 
              "missouri", 
              "rhode island", 
              "south dakota", 
              "new jersey", 
              "washington", 
              "hawaii", 
              "ohio", 
              "maryland", 
              "arizona", 
              "iowa", 
              "oklahoma", 
              "delawar", 
              "oregon", 
              "montana", 
              "arkansa", 
              "massachusett", 
              "arizona", 
              "wisconsin", 
              "florida", 
              "rhode island", 
              "california", 
              "new mexico", 
              "ohio", 
              "florida", 
              "alaska", 
              "north carolina", 
              "nebraska", 
              "main", 
              "wyom", 
              "colorado", 
              "oklahoma", 
              "delawar", 
              "washington", 
              "tennesse", 
              "arkansa", 
              "new mexico", 
              "mississippi", 
              "south dakota", 
              "new jersey", 
              "north carolina", 
              "new york", 
              "california", 
              "indiana", 
              "louisiana", 
              "georgia", 
              "north dakota", 
              "west virginia", 
              "pennsylvania", 
              "oregon", 
              "connecticut", 
              "georgia", 
              "colorado", 
              "kentucki", 
              "nebraska", 
              "new hampshir", 
              "south carolina", 
              "nevada", 
              "north dakota", 
              "idaho", 
              "utah", 
              "virginia", 
              "illinoi", 
              "new hampshir", 
              "south carolina", 
              "idaho", 
              "vermont", 
              "kansa", 
              "hawaii", 
              "kentucki", 
              "virginia", 
              "montana", 
              "massachusett", 
              "wisconsin", 
              "alabama", 
              "vermont", 
              "pennsylvania", 
              "new york", 
              "tennesse", 
              "missouri", 
              "alabama", 
              "michigan"
            ]
          }, 
          "language_code": "en", 
          "tagging_scheme_code": 2, 
          "use_stemming": true
        }, 
        "drop_out": 0.1, 
        "factory_name": "entity_match", 
        "offsets": [
          -2, 
          -1, 
          0
        ]
      }, 
      {
        "args": {
          "entity_labels": [
            "snips/amountOfMoney", 
            "snips/ordinal", 
            "snips/number", 
            "snips/duration", 
            "snips/percentage", 
            "snips/temperature", 
            "snips/datetime"
          ], 
          "language_code": "en", 
          "tagging_scheme_code": 1
        }, 
        "factory_name": "builtin_entity_match", 
        "offsets": [
          -2, 
          -1, 
          0
        ]
      }, 
      {
        "args": {
          "cluster_name": "brown_clusters", 
          "language_code": "en", 
          "use_stemming": false
        }, 
        "factory_name": "word_cluster", 
        "offsets": [
          -2, 
          -1, 
          0, 
          1
        ]
      }
    ], 
    "random_seed": null, 
    "tagging_scheme": 1, 
    "unit_name": "crf_slot_filler"
  }, 
  "crf_model_file": "modell_LD77.crfsuite", 
  "intent": "searchWeatherForecastCondition", 
  "language_code": "en", 
  "slot_name_mapping": {
    "forecast_condition_name": "conditionName", 
    "forecast_country": "country", 
    "forecast_geographical_poi": "geographicalPOI", 
    "forecast_locality": "locality", 
    "forecast_region": "region", 
    "forecast_start_datetime": "snips/datetime"
  }, 
  "unit_name": "crf_slot_filler"
}