{
  "config": {
    "crf_args": {
      "algorithm": "lbfgs", 
      "c1": 0.1, 
      "c2": 0.1
    }, 
    "data_augmentation_config": {
      "add_builtin_entities_examples": false, 
      "capitalization_ratio": 0, 
      "min_utterances": 200
    }, 
    "feature_factory_configs": [
      {
        "args": {
          "common_words_gazetteer_name": "top_10000_words_stemmed", 
          "language_code": "en", 
          "n": 1, 
          "use_stemming": true
        }, 
        "factory_name": "ngram", 
        "offsets": [
          -2, 
          -1, 
          0, 
          1, 
          2
        ]
      }, 
      {
        "args": {
          "common_words_gazetteer_name": "top_10000_words_stemmed", 
          "language_code": "en", 
          "n": 2, 
          "use_stemming": true
        }, 
        "factory_name": "ngram", 
        "offsets": [
          -2, 
          1
        ]
      }, 
      {
        "args": {}, 
        "factory_name": "is_digit", 
        "offsets": [
          -1, 
          0, 
          1
        ]
      }, 
      {
        "args": {}, 
        "factory_name": "is_first", 
        "offsets": [
          -2, 
          -1, 
          0
        ]
      }, 
      {
        "args": {}, 
        "factory_name": "is_last", 
        "offsets": [
          0, 
          1, 
          2
        ]
      }, 
      {
        "args": {
          "language_code": "en", 
          "n": 1
        }, 
        "factory_name": "shape_ngram", 
        "offsets": [
          0
        ]
      }, 
      {
        "args": {
          "language_code": "en", 
          "n": 2
        }, 
        "factory_name": "shape_ngram", 
        "offsets": [
          -1, 
          0
        ]
      }, 
      {
        "args": {
          "language_code": "en", 
          "n": 3
        }, 
        "factory_name": "shape_ngram", 
        "offsets": [
          -1
        ]
      }, 
      {
        "args": {
          "collections": {
            "country": [
              "canada", 
              "guernsey", 
              "uzbekistan", 
              "swaziland", 
              "cameroon", 
              "burkina faso", 
              "somaliland", 
              "sao tome principe", 
              "trinidad tobago", 
              "rwanda", 
              "trinidad tobago", 
              "republ of macedonia", 
              "dominica", 
              "ghana", 
              "guineabissau", 
              "georgia", 
              "saint vincent & the grenadines", 
              "turkish republ of northern cyprus", 
              "mauritania", 
              "philippin", 
              "madagascar", 
              "moldova", 
              "bosnia and herzegovina", 
              "south korea", 
              "tajikistan", 
              "turkey", 
              "jamaica", 
              "samoa", 
              "guinea bissau", 
              "trinidad & tobago", 
              "bosnia herzegovina", 
              "slovakia", 
              "saint vincent the grenadines", 
              "nauru", 
              "norway", 
              "afghanistan", 
              "tajikistan", 
              "panama", 
              "montenegro", 
              "somalia", 
              "brunei", 
              "iran", 
              "libya", 
              "finland", 
              "central african republ", 
              "liechtenstein", 
              "peopl s republ of china", 
              "turkish republ of northern cyprus", 
              "beliz", 
              "ukrain", 
              "portug", 
              "democrat republ of the congo", 
              "oman", 
              "peopl s republ of china", 
              "antigua barbuda", 
              "mauritius", 
              "antigua barbuda", 
              "estonia", 
              "dominican republ", 
              "myanmar", 
              "egypt", 
              "the bahama", 
              "costa rica", 
              "papua new guinea", 
              "austria", 
              "ivori coast", 
              "thailand", 
              "nigeria", 
              "ecuador", 
              "saudi arabia", 
              "australia", 
              "usa", 
              "tuvalu", 
              "franc", 
              "peru", 
              "malawi", 
              "israel", 
              "denmark", 
              "philippin", 
              "morocco", 
              "sao tome & principe", 
              "antigua barbuda", 
              "estonia", 
              "kosovo", 
              "lebanon", 
              "trinidad tobago", 
              "colombia", 
              "mali", 
              "grenada", 
              "sao tome and principe", 
              "yemen", 
              "sao tome principe", 
              "palau", 
              "uruguay", 
              "nepal", 
              "india", 
              "lesotho", 
              "netherland", 
              "south sudan", 
              "suriname", 
              "kingdom of the netherland", 
              "trinidad and tobago", 
              "jordan", 
              "antigua and barbuda", 
              "zambia", 
              "eritrea", 
              "saint vincent the grenadines", 
              "solomon island", 
              "syria", 
              "syria", 
              "dominica", 
              "eritrea", 
              "equatorial guinea", 
              "serbia", 
              "greec", 
              "peopl republ of china", 
              "saint vincent & the grenadines", 
              "sao tome and principe", 
              "unit state of america", 
              "azerbaijan", 
              "north korea", 
              "antigua barbuda", 
              "japan", 
              "bolivia", 
              "ghana", 
              "saudi arabia", 
              "lithuania", 
              "republ of the congo", 
              "mongolia", 
              "unit kingdom", 
              "guatemala", 
              "peopl s republ of china", 
              "argentina", 
              "norway", 
              "sweden", 
              "spain", 
              "belarus", 
              "trinidad & tobago", 
              "oman", 
              "saint kitts and nevis", 
              "gabon", 
              "liberia", 
              "netherland", 
              "unit arab emir", 
              "india", 
              "lesotho", 
              "latvia", 
              "namibia", 
              "sri lanka", 
              "kenya", 
              "sao tome and principe", 
              "angola", 
              "czech republ", 
              "solomon island", 
              "sao tome principe", 
              "san marino", 
              "mongolia", 
              "peru", 
              "benin", 
              "canada", 
              "palau", 
              "equatorial guinea", 
              "kuwait", 
              "nepal", 
              "central african republ", 
              "saint kitts nevis", 
              "peopl s republ of china", 
              "venezuela", 
              "ukrain", 
              "tonga", 
              "western sahara", 
              "indonesia", 
              "mauritius", 
              "mali", 
              "kiribati", 
              "bulgaria", 
              "sao tome and principe", 
              "angola", 
              "chad", 
              "south africa", 
              "finland", 
              "seneg", 
              "marshal island", 
              "uganda", 
              "hungari", 
              "niger", 
              "brazil", 
              "romania", 
              "seychelles", 
              "colombia", 
              "niger", 
              "fiji", 
              "iran", 
              "algeria", 
              "marshal island", 
              "swaziland", 
              "palestin", 
              "kiribati", 
              "haiti", 
              "iraq", 
              "ecuador", 
              "gambia", 
              "montenegro", 
              "cyprus", 
              "belgium", 
              "jordan", 
              "guinea bissau", 
              "nigeria", 
              "sahrawi arab democrat republ", 
              "isl of man", 
              "mexico", 
              "djibouti", 
              "gabon", 
              "nicaragua", 
              "russia", 
              "transnistria", 
              "saint kitts & nevis", 
              "greec", 
              "san marino", 
              "democrat republ of the congo", 
              "bosnia and herzegovina", 
              "uganda", 
              "burundi", 
              "venezuela", 
              "botswana", 
              "iceland", 
              "zambia", 
              "malta", 
              "sao tome & principe", 
              "germani", 
              "saint vincent the grenadines", 
              "cameroon", 
              "benin", 
              "somaliland", 
              "kyrgyzstan", 
              "iceland", 
              "saint lucia", 
              "germani", 
              "guyana", 
              "vatican citi", 
              "tonga", 
              "hondura", 
              "egypt", 
              "tanzania", 
              "liechtenstein", 
              "namibia", 
              "comoros", 
              "east timor", 
              "turkmenistan", 
              "kosovo", 
              "unit state of america", 
              "ethiopia", 
              "seneg", 
              "sao tome & principe", 
              "palestin", 
              "hungari", 
              "bosnia and herzegovina", 
              "guineabissau", 
              "bahrain", 
              "liberia", 
              "maldiv", 
              "cuba", 
              "tanzania", 
              "guatemala", 
              "peopl s republ of china", 
              "monaco", 
              "haiti", 
              "kazakhstan", 
              "nauru", 
              "saint vincent the grenadines", 
              "denmark", 
              "antigua & barbuda", 
              "democrat republ of the congo", 
              "croatia", 
              "switzerland", 
              "bulgaria", 
              "afghanistan", 
              "albania", 
              "unit state of america", 
              "franc", 
              "vanuatu", 
              "malawi", 
              "brazil", 
              "guinea", 
              "republ of the congo", 
              "antigua and barbuda", 
              "dominican republ", 
              "transnistria", 
              "taiwan", 
              "unit arab emir", 
              "saint kitts and nevis", 
              "saint kitts nevis", 
              "peopl s republ of china", 
              "armenia", 
              "kingdom of the netherland", 
              "sao tome and principe", 
              "sahrawi arab democrat republ", 
              "libya", 
              "malaysia", 
              "pakistan", 
              "czech republ", 
              "tunisia", 
              "guinea", 
              "panama", 
              "luxembourg", 
              "cape verd", 
              "andorra", 
              "ireland", 
              "saint vincent & the grenadines", 
              "comoros", 
              "turkey", 
              "iraq", 
              "chad", 
              "el salvador", 
              "bosnia herzegovina", 
              "bhutan", 
              "lao", 
              "thailand", 
              "beliz", 
              "sierra leon", 
              "sao tome principe", 
              "georgia", 
              "western sahara", 
              "poland", 
              "guinea bissau", 
              "moldova", 
              "togo", 
              "bosnia & herzegovina", 
              "chile", 
              "spain", 
              "sao tome and principe", 
              "isl of man", 
              "saint kitts & nevis", 
              "bosnia & herzegovina", 
              "uzbekistan", 
              "taiwan", 
              "cyprus", 
              "barbado", 
              "qatar", 
              "isl of man", 
              "itali", 
              "portug", 
              "mexico", 
              "sudan", 
              "sao tome principe", 
              "kenya", 
              "sao tome principe", 
              "saint vincent the grenadines", 
              "israel", 
              "itali", 
              "papua new guinea", 
              "ethiopia", 
              "zimbabw", 
              "mauritania", 
              "singapor", 
              "tuvalu", 
              "guinea bissau", 
              "costa rica", 
              "slovenia", 
              "latvia", 
              "el salvador", 
              "republ of macedonia", 
              "poland", 
              "indonesia", 
              "cape verd", 
              "unit kingdom", 
              "guernsey", 
              "monaco", 
              "paraguay", 
              "fiji", 
              "botswana", 
              "east timor", 
              "federated state of micronesia", 
              "lithuania", 
              "cambodia", 
              "djibouti", 
              "argentina", 
              "barbado", 
              "bahrain", 
              "saint kitts nevis", 
              "bhutan", 
              "andorra", 
              "slovenia", 
              "kuwait", 
              "sierra leon", 
              "saint kitts nevis", 
              "australia", 
              "pakistan", 
              "peopl s republ of china", 
              "zimbabw", 
              "belgium", 
              "new zealand", 
              "yemen", 
              "burkina faso", 
              "jamaica", 
              "kyrgyzstan", 
              "albania", 
              "samoa", 
              "kazakhstan", 
              "azerbaijan", 
              "saint vincent and the grenadines", 
              "bangladesh", 
              "saint lucia", 
              "lebanon", 
              "malaysia", 
              "rwanda", 
              "mozambiqu", 
              "somalia", 
              "lao", 
              "kingdom of the netherland", 
              "nicaragua", 
              "new zealand", 
              "federated state of micronesia", 
              "qatar", 
              "turkmenistan", 
              "singapor", 
              "sudan", 
              "saint kitts and nevis", 
              "luxembourg", 
              "togo", 
              "bosnia herzegovina", 
              "armenia", 
              "saint vincent and the grenadines", 
              "the bahama", 
              "trinidad and tobago", 
              "sweden", 
              "vietnam", 
              "antigua and barbuda", 
              "vatican citi", 
              "russia", 
              "romania", 
              "gambia", 
              "trinidad tobago", 
              "antigua & barbuda", 
              "austria", 
              "mozambiqu", 
              "japan", 
              "peopl republ of china", 
              "federated state of micronesia", 
              "usa", 
              "saint vincent and the grenadines", 
              "ivori coast", 
              "sao tome principe", 
              "hondura", 
              "brunei", 
              "madagascar", 
              "belarus", 
              "bangladesh", 
              "peopl s republ of china", 
              "slovakia", 
              "chile", 
              "turkish republ of northern cyprus", 
              "south korea", 
              "bolivia", 
              "ireland", 
              "serbia", 
              "croatia", 
              "switzerland", 
              "grenada", 
              "seychelles", 
              "uruguay", 
              "morocco", 
              "guyana", 
              "burundi", 
              "usa", 
              "malta", 
              "bosnia herzegovina", 
              "saint vincent and the grenadines", 
              "paraguay", 
              "saint vincent the grenadines", 
              "algeria", 
              "south africa", 
              "republ of the congo", 
              "cambodia", 
              "vanuatu", 
              "north korea", 
              "south sudan", 
              "peopl republ of china", 
              "suriname", 
              "maldiv", 
              "myanmar", 
              "tunisia", 
              "cuba", 
              "trinidad and tobago", 
              "vietnam", 
              "republ of macedonia", 
              "sri lanka", 
              "sao tome principe", 
              "sao tome & principe"
            ], 
            "geographicalPOI": [
              "tigris", 
              "sierra nevada", 
              "snake river", 
              "yellowstone caldera", 
              "godavari river", 
              "los angel counti", 
              "pinatubo", 
              "hudson river", 
              "indus river", 
              "mont blanc", 
              "mekong river", 
              "adirondack montains", 
              "river thames", 
              "kanchenjunga", 
              "yamuna", 
              "ganges", 
              "matterhorn", 
              "bixby creek bridg", 
              "u s rout sixty six", 
              "mount bear", 
              "wind river peak", 
              "yangtze", 
              "nile river", 
              "stone mountain", 
              "jordan river", 
              "narmada river", 
              "cloud peak", 
              "yosemite nation park", 
              "us rout sixty six", 
              "rubicon", 
              "mount rushmore", 
              "pichu pichu", 
              "california state univers long beach", 
              "mount sinai", 
              "neverland ranch valley", 
              "mount athos", 
              "redwood nation state park", 
              "mount fuji", 
              "redwood nation state park", 
              "wind river peak", 
              "el capitan", 
              "north palisade", 
              "mont rushmore", 
              "godavari river", 
              "nile", 
              "adirondack montains", 
              "mount zion", 
              "amazon", 
              "silicon valley", 
              "mount kilimanjaro", 
              "california state univers long beach", 
              "joshua tree nation park", 
              "lake district", 
              "oracl arena", 
              "tigris", 
              "mount zion", 
              "u s rout 66", 
              "aconcagua", 
              "us rout sixty six", 
              "california gold rush", 
              "san andrea fault", 
              "san lui obispo", 
              "sequoia nation park", 
              "kaveri river", 
              "capitol peak", 
              "congo river", 
              "rhine", 
              "death valley", 
              "euphrates", 
              "death valley nation park", 
              "mount kailash", 
              "devils tower", 
              "pichu pichu", 
              "yellowstone nation park", 
              "danube", 
              "mount rainier", 
              "san fernando valley", 
              "san francisco bay area", 
              "amur", 
              "denali", 
              "u s rout sixty six", 
              "amazon", 
              "santorini", 
              "hearst castl", 
              "us rout sixty six", 
              "us rout sixty six", 
              "saint lawrenc river", 
              "congo river", 
              "glacier nation park", 
              "yellowstone caldera", 
              "u s rout sixty six", 
              "seine", 
              "mount sinai", 
              "california gold rush", 
              "death valley nation park", 
              "krakatau", 
              "redwood nation and state park", 
              "lake taho", 
              "mount ararat", 
              "devils tower", 
              "columbia river", 
              "mount olympus", 
              "neverland ranch valley", 
              "mekong river", 
              "saint lawrenc river", 
              "salesforce tower", 
              "us rout sixty six", 
              "ben nevis", 
              "stone mountain", 
              "missouri river", 
              "redwood nation & state park", 
              "nile", 
              "missouri river", 
              "san diego counti", 
              "jordan river", 
              "us rout 66", 
              "volga", 
              "mount whitney", 
              "santorini", 
              "yellow river", 
              "danube", 
              "mount kilimanjaro", 
              "us rout sixty six", 
              "sierra nevada", 
              "salton sea", 
              "mount bear", 
              "nile river", 
              "mount evan", 
              "amur", 
              "denali", 
              "mont blanc", 
              "yosemite nation park", 
              "k2", 
              "san lui obispo", 
              "rubicon", 
              "us rout sixty six", 
              "joshua tree nation park", 
              "mount evan", 
              "hearst castl", 
              "elbe", 
              "wind river peak", 
              "mount olympus", 
              "glacier nation park", 
              "u s rout sixty six", 
              "san bernardino counti", 
              "redwood nation & state park", 
              "cloud peak", 
              "internet archiv", 
              "mojave desert", 
              "colorado river", 
              "mississippi river", 
              "stanislaus counti", 
              "mauna kea", 
              "yellow river", 
              "us rout sixty six", 
              "univers of southern california", 
              "mount elbrus", 
              "colorado river", 
              "ohio river", 
              "u s rout 66", 
              "salton sea", 
              "snake river", 
              "mont rushmore", 
              "u s rout 66", 
              "el capitan", 
              "salesforce tower", 
              "us rout 66", 
              "san diego counti", 
              "yellowstone nation park", 
              "mount rushmore", 
              "orang counti", 
              "severn", 
              "u s rout 66", 
              "aconcagua", 
              "lake district", 
              "oracl arena", 
              "us rout sixty six", 
              "u s rout 66", 
              "mount athos", 
              "ben nevis", 
              "pinatubo", 
              "narmada river", 
              "univers of california irvine", 
              "euphrates", 
              "rio grand", 
              "krakatau", 
              "sequoia nation park", 
              "mauna kea", 
              "orang counti", 
              "stanislaus counti", 
              "redwood nation state park", 
              "matterhorn", 
              "capitol peak", 
              "elbe", 
              "univers of california irvine", 
              "north palisade", 
              "ohio river", 
              "mount elbrus", 
              "indus river", 
              "san andrea fault", 
              "us rout 66", 
              "redwood nation and state park", 
              "river thames", 
              "hudson river", 
              "us rout 66", 
              "potomac river", 
              "us rout sixty six", 
              "redwood nation and state park", 
              "univers of southern california", 
              "san francisco bay area", 
              "mount everest", 
              "mount rainier", 
              "seine", 
              "us rout 66", 
              "k2", 
              "us rout 66", 
              "kanchenjunga", 
              "mississippi river", 
              "ganges", 
              "yamuna", 
              "bixby creek bridg", 
              "u s rout sixty six", 
              "mount kailash", 
              "redwood nation state park", 
              "death valley", 
              "mount ararat", 
              "los angel counti", 
              "mount whitney", 
              "u s rout sixty six", 
              "lake taho", 
              "silicon valley", 
              "columbia river", 
              "yangtze", 
              "neverland ranch valley", 
              "mount fuji", 
              "univers of southern california", 
              "internet archiv", 
              "potomac river", 
              "rhine", 
              "univers of california irvine", 
              "mount everest", 
              "nile river", 
              "san bernardino counti", 
              "u s rout 66", 
              "us rout sixty six", 
              "rio grand", 
              "mojave desert", 
              "kaveri river", 
              "volga", 
              "severn", 
              "san fernando valley"
            ], 
            "locality": [
              "kinshasa", 
              "rovaniemi", 
              "cincinnati", 
              "washington d c", 
              "s hertogenbosch", 
              "saint malo", 
              "boulognesur mer", 
              "durango", 
              "assen", 
              "rosh haayin", 
              "myth drannor", 
              "tour", 
              "mosul", 
              "baku", 
              "asmara", 
              "st georg s", 
              "schaffhausen", 
              "tambacounda", 
              "venic", 
              "liverpool", 
              "mamuju", 
              "lille", 
              "pari", 
              "elizabeth", 
              "shanghai", 
              "niamey", 
              "skopje", 
              "herisau", 
              "alcoi alcoy", 
              "atlanta", 
              "amaravati", 
              "caen", 
              "montevideo", 
              "st john s", 
              "amiens", 
              "tulsa", 
              "kigali", 
              "calais", 
              "aurora", 
              "portau princ", 
              "arequipa", 
              "st georg s", 
              "bratislava", 
              "ankara", 
              "boulogne surmer", 
              "biarritz", 
              "colmar", 
              "bamako", 
              "biarritz", 
              "shravasti", 
              "khanbaliq", 
              "fukuoka", 
              "brisban", 
              "brisban", 
              "zwolle", 
              "maastricht", 
              "ouarzazate", 
              "middelburg", 
              "ouagadougou", 
              "haarlem", 
              "st georges", 
              "seattl", 
              "vilnius", 
              "mecca", 
              "ranchi", 
              "strasbourg", 
              "riyadh", 
              "bogota", 
              "baku", 
              "avignon", 
              "denver", 
              "calais", 
              "arnhem", 
              "rouen", 
              "copenhagen", 
              "kaliningrad", 
              "corrientes", 
              "san mateo", 
              "schwyz", 
              "florianopolis", 
              "chicago", 
              "shertogenbosch", 
              "san diego", 
              "kuala lumpur", 
              "le mans", 
              "lelystad", 
              "newcastl upon tyne", 
              "hamilton", 
              "castries", 
              "port auprince", 
              "le havre", 
              "bern", 
              "s hertogenbosch", 
              "yamoussoukro", 
              "colorado spring", 
              "shumen", 
              "san jose", 
              "malaga", 
              "st georg s", 
              "cocentaina", 
              "st georg s", 
              "asmara", 
              "albuquerqu", 
              "bangkok", 
              "stuttgart", 
              "st john", 
              "utrecht", 
              "aix enprovence", 
              "sunnyvale", 
              "berkeley", 
              "washington d c", 
              "carcassonne", 
              "chiva", 
              "kuni kyo", 
              "virginia beach", 
              "minas tirith", 
              "wa", 
              "lucknow", 
              "port elizabeth saint vincent & the grenadines", 
              "parrita", 
              "vaduz", 
              "guatemala citi", 
              "jaipur", 
              "andorra la vella", 
              "yaounde", 
              "timbuktu", 
              "st john", 
              "minsk", 
              "st john", 
              "abu dhabi", 
              "kathmandu", 
              "bouarfa", 
              "taipei", 
              "mariehamn", 
              "lwowek slaski", 
              "alexandria", 
              "stockton", 
              "istanbul", 
              "st polten", 
              "ankara", 
              "zurich", 
              "nanjing", 
              "louisvill", 
              "lagos", 
              "xativa", 
              "manila", 
              "pyongyang", 
              "paramaribo", 
              "san francisco", 
              "chisinau", 
              "lima", 
              "florenc", 
              "ecbatana", 
              "nice", 
              "nassau", 
              "columbus", 
              "luanda", 
              "fribourg", 
              "ranchi", 
              "parrita", 
              "el paso", 
              "kingstown", 
              "hanoi", 
              "athen", 
              "assen", 
              "krakow", 
              "memphi", 
              "turin", 
              "buckeburg", 
              "brighton", 
              "vancouv", 
              "peshawar", 
              "orlando", 
              "phnom penh", 
              "timbuktu", 
              "berlin", 
              "cambridg", 
              "sucre", 
              "s hertogenbosch", 
              "herculaneum", 
              "genoa", 
              "tampa", 
              "yerevan", 
              "maputo", 
              "kabul", 
              "toulouse", 
              "kampala", 
              "tokyo", 
              "palo alto", 
              "islamabad", 
              "st john s", 
              "aix en provence", 
              "long beach", 
              "maastricht", 
              "el paso", 
              "boston", 
              "lille", 
              "halifax", 
              "saint helier", 
              "tallinn", 
              "beij", 
              "denton", 
              "addis ababa", 
              "nimes", 
              "sarnen", 
              "toulon", 
              "cape town", 
              "gatchina", 
              "reykjavik", 
              "naniwa kyo", 
              "port elizabeth saint vincent the grenadines", 
              "washington dc", 
              "brest", 
              "glasgow", 
              "arles", 
              "clermont ferrand", 
              "asuka yamato", 
              "new delhi", 
              "willemstad", 
              "alzira", 
              "phoenix", 
              "zagreb", 
              "oslo", 
              "st georg s", 
              "fukuhara kyo", 
              "arequipa", 
              "munich", 
              "san fernando", 
              "kabul", 
              "louisvill", 
              "vancouv", 
              "kolkata", 
              "lusaka", 
              "saint helier", 
              "springfield", 
              "naniwa kyo", 
              "edinburgh", 
              "kuni kyo", 
              "mamuju", 
              "kralendijk", 
              "compton", 
              "mianwali citi", 
              "st john", 
              "managua", 
              "padua", 
              "sarajevo", 
              "pretoria", 
              "mesa", 
              "nagaoka kyo", 
              "putrajaya", 
              "boulogne sur mer", 
              "st loui", 
              "albocasser", 
              "lakewood", 
              "belgrade", 
              "helsinki", 
              "shertogenbosch", 
              "antananarivo", 
              "santo domingo", 
              "port of spain", 
              "washukanni", 
              "nanci", 
              "fukushima", 
              "lusaka", 
              "putrajaya", 
              "bridgetown", 
              "houston", 
              "anchorage", 
              "nashvill", 
              "casablanca", 
              "canberra", 
              "fresno", 
              "laayoune", 
              "rio de janeiro", 
              "montgomeri", 
              "port moresby", 
              "tirana", 
              "london", 
              "windhoek", 
              "st georges", 
              "milwauke", 
              "smolensk", 
              "beirut", 
              "st gallen", 
              "orlean", 
              "bangkok", 
              "durjaya", 
              "le mans", 
              "delhi", 
              "aix en provence", 
              "johannesburg", 
              "denver", 
              "st loui", 
              "damascus", 
              "new orlean", 
              "virginia beach", 
              "hamburg", 
              "leicester", 
              "brussel", 
              "corrientes", 
              "tegucigalpa", 
              "dubai", 
              "addis ababa", 
              "alzira", 
              "zagreb", 
              "miami", 
              "st georges", 
              "phnom penh", 
              "oxford", 
              "rome", 
              "hamilton", 
              "ar raqqah", 
              "roma", 
              "dodoma", 
              "washington d c", 
              "perpignan", 
              "mogadishu", 
              "taipei", 
              "naniwa kyo", 
              "liberia", 
              "st polten", 
              "siem reap", 
              "nimes", 
              "saint etienne", 
              "savannah", 
              "cairo", 
              "villajoyosa", 
              "agartala", 
              "detroit", 
              "seville", 
              "rosh haayin", 
              "milan", 
              "newcastl upon tyne", 
              "stockholm", 
              "hecatompylos", 
              "stanley", 
              "genoa", 
              "arles", 
              "s hertogenbosch", 
              "st john s", 
              "dhaka", 
              "castries", 
              "belgrade", 
              "harare", 
              "metz", 
              "loreto", 
              "mbabane", 
              "st georg s", 
              "capit of the netherland", 
              "damascus", 
              "milan", 
              "boulognesurmer", 
              "conakry", 
              "sion", 
              "portland", 
              "bissau", 
              "seoul", 
              "reims", 
              "jackson", 
              "kiev", 
              "everett", 
              "zwolle", 
              "avignon", 
              "praia", 
              "tallinn", 
              "sacramento", 
              "washington dc", 
              "manchest", 
              "schaffhausen", 
              "astana", 
              "bhopal", 
              "stans", 
              "kuwait citi", 
              "fribourg", 
              "quito", 
              "lucknow", 
              "shimla", 
              "neuchatel", 
              "ouarzazate", 
              "honiara", 
              "palikir", 
              "tucson", 
              "aixen provence", 
              "sarnen", 
              "shertogenbosch", 
              "hattusa", 
              "pune", 
              "durjaya", 
              "lagos", 
              "madrid", 
              "bern", 
              "santa elena", 
              "st john s", 
              "lausanne", 
              "raleigh", 
              "charleston", 
              "utqiagvik", 
              "dushanbe", 
              "austin", 
              "athkatla", 
              "adelaid", 
              "mexico citi", 
              "belfast", 
              "bristol", 
              "sao paulo", 
              "washington d c", 
              "agartala", 
              "brazzaville", 
              "yao", 
              "maseru", 
              "st john s", 
              "patna", 
              "rennes", 
              "rochest", 
              "kunikyo", 
              "port elizabeth saint vincent and the grenadines", 
              "st john s", 
              "shertogenbosch", 
              "brussel", 
              "nagaokakyo", 
              "strasbourg", 
              "riga", 
              "new york", 
              "st john s", 
              "florianopolis", 
              "verdun", 
              "nantes", 
              "delemont", 
              "khanbaliq", 
              "krakow", 
              "georgetown", 
              "lincoln", 
              "brasilia", 
              "geneva", 
              "helsinki", 
              "ciudad colon", 
              "moscow", 
              "dijon", 
              "ottawa", 
              "antibes", 
              "podgorica", 
              "st john", 
              "agadir", 
              "saint ann", 
              "cannes", 
              "st georges", 
              "tehran", 
              "charleston", 
              "bordeaux", 
              "mesa", 
              "buckeburg", 
              "port au princ", 
              "roseau", 
              "arnhem", 
              "naniwakyo", 
              "canberra", 
              "san marcos costa rica", 
              "cupertino", 
              "amaravati", 
              "new orlean", 
              "tunis", 
              "belo horizonte", 
              "lourdes", 
              "kansa citi", 
              "lima", 
              "minas tirith", 
              "belo horizonte", 
              "charlott", 
              "poitiers", 
              "sydney", 
              "banjul", 
              "chicago", 
              "panama citi", 
              "boston", 
              "villajoyosa", 
              "amman", 
              "san salvador", 
              "philadelphia", 
              "reno", 
              "seville", 
              "westminst", 
              "thiruvananthapuram", 
              "jiankang", 
              "reykjavik", 
              "napl", 
              "athkatla", 
              "warsaw", 
              "rochest", 
              "brasilia", 
              "tashkent", 
              "dalla", 
              "nagaoka kyo", 
              "abu dhabi", 
              "san diego", 
              "montgomeri", 
              "santa cruz de tenerife", 
              "manama", 
              "constantinople", 
              "fujiwara kyo", 
              "chisinau", 
              "ulaanbaatar", 
              "salt lake citi", 
              "belmopan", 
              "sao paulo", 
              "santiago", 
              "cannes", 
              "memphi", 
              "le havre", 
              "victoria", 
              "skopje", 
              "toulouse", 
              "hecatompylos", 
              "vatican citi", 
              "oklahoma citi", 
              "asuncion", 
              "mariehamn", 
              "washington d c", 
              "southampton", 
              "st polten", 
              "san francisco", 
              "omaha", 
              "montpellier", 
              "kayseri", 
              "jakarta", 
              "pragu", 
              "kingston", 
              "wichita", 
              "nanjing", 
              "tbilisi", 
              "agadir", 
              "los angel", 
              "lisbon", 
              "bamako", 
              "copenhagen", 
              "tambacounda", 
              "roseau", 
              "gaborone", 
              "kiev", 
              "papeete", 
              "pari", 
              "dubai", 
              "honiara", 
              "johannesburg", 
              "manchest", 
              "reims", 
              "san fernando", 
              "abuja", 
              "bhopal", 
              "solothurn", 
              "shumen", 
              "tegucigalpa", 
              "santiago", 
              "siem reap", 
              "kota kinabalu", 
              "tulsa", 
              "mumbai", 
              "aix enprovence", 
              "sacramento", 
              "alcoi alcoy", 
              "port of spain", 
              "maputo", 
              "nairobi", 
              "savannah", 
              "greensboro", 
              "oslo", 
              "padua", 
              "kansa citi", 
              "bissau", 
              "minsk", 
              "nantes", 
              "liberia", 
              "pune", 
              "havana", 
              "jacksonvill", 
              "st georg s", 
              "st john", 
              "new york citi", 
              "sri jayawardenepura kotte", 
              "dublin", 
              "nuremberg", 
              "antananarivo", 
              "ontinyent", 
              "baghdad", 
              "nuuk", 
              "boulognesur mer", 
              "middelburg", 
              "st loui", 
              "budapest", 
              "majuro", 
              "bolzano", 
              "grenoble", 
              "san juan", 
              "dijon", 
              "washington", 
              "minneapoli", 
              "boulogne sur mer", 
              "conakry", 
              "paramaribo", 
              "perth", 
              "herculaneum", 
              "colorado spring", 
              "mogadishu", 
              "asuncion", 
              "thessaloniki", 
              "peshawar", 
              "jackson", 
              "caracas", 
              "philipsburg", 
              "poitiers", 
              "san salvador", 
              "arvada", 
              "cologn", 
              "lausanne", 
              "tashkent", 
              "washukanni", 
              "santa rosa", 
              "lisbon", 
              "santa ana", 
              "stanley", 
              "aix en provence", 
              "passadena", 
              "s hertogenbosch", 
              "petra", 
              "yamoussoukro", 
              "mecca", 
              "washington dc", 
              "turquoise mountain", 
              "new york citi", 
              "aurora", 
              "dusseldorf", 
              "mbabane", 
              "asuka yamato", 
              "berlin", 
              "new york", 
              "leed", 
              "apia", 
              "los angel", 
              "tehran", 
              "cirat", 
              "smolensk", 
              "boulogne sur mer", 
              "st polten", 
              "southampton", 
              "wa", 
              "nashvill", 
              "khartoum", 
              "niamey", 
              "saint tropez", 
              "fuzhou", 
              "kisangani", 
              "brest", 
              "kathmandu", 
              "pretoria", 
              "thessaloniki", 
              "kigali", 
              "metz", 
              "guatemala citi", 
              "sri jayawardenepura kotte", 
              "myth drannor", 
              "lilongwe", 
              "the bottom", 
              "stuttgart", 
              "las vega", 
              "kisangani", 
              "appenzell", 
              "luanda", 
              "sion", 
              "st georg s", 
              "leed", 
              "durango", 
              "baltimor", 
              "portau princ", 
              "hanoi", 
              "luxembourg", 
              "toulon", 
              "persepolis", 
              "st john", 
              "port auprince", 
              "riyadh", 
              "santa ana", 
              "oakland", 
              "s hertogenbosch", 
              "turin", 
              "la paz", 
              "st gallen", 
              "oranjestad", 
              "vientiane", 
              "capit of the netherland", 
              "the hague", 
              "charlott", 
              "delemont", 
              "jaipur", 
              "buenos aires", 
              "khartoum", 
              "santo domingo", 
              "kayseri", 
              "brooklyn", 
              "st john", 
              "bangalore", 
              "cordoba", 
              "cagliari", 
              "napl", 
              "toronto", 
              "salt lake citi", 
              "le mont saint michel", 
              "liverpool", 
              "linguere", 
              "aixen provence", 
              "tokyo", 
              "huntsville", 
              "islamabad", 
              "basseterre", 
              "wellington", 
              "toronto", 
              "constantinople", 
              "chur", 
              "stockholm", 
              "hamburg", 
              "lourdes", 
              "atlanta", 
              "ann harbor", 
              "davenport", 
              "st john s", 
              "brazzaville", 
              "st georg s", 
              "belmopan", 
              "saint etienne", 
              "amiens", 
              "antibes", 
              "sucre", 
              "cleveland", 
              "persepolis", 
              "cirat", 
              "oklahoma citi", 
              "davenport", 
              "altdorf", 
              "san juan", 
              "venic", 
              "compton", 
              "gatchina", 
              "doha", 
              "fukuoka", 
              "dublin", 
              "shanghai", 
              "st georges", 
              "albocasser", 
              "ontinyent", 
              "port moresby", 
              "quito", 
              "ghardaia", 
              "saint ann", 
              "bridgetown", 
              "valencia", 
              "seattl", 
              "citi of london", 
              "verdun", 
              "montevideo", 
              "xativa", 
              "georgetown", 
              "passadena", 
              "kota kinabalu", 
              "managua", 
              "huntsville", 
              "basseterre", 
              "st gallen", 
              "buenos aires", 
              "ouagadougou", 
              "ljubljana", 
              "san mateo", 
              "the bottom", 
              "las vega", 
              "manila", 
              "amman", 
              "colmar", 
              "tour", 
              "dunkirk", 
              "lakewood", 
              "mosul", 
              "mexico citi", 
              "budapest", 
              "indianapoli", 
              "bristol", 
              "washington dc", 
              "singapor", 
              "jakarta", 
              "everett", 
              "yao", 
              "hattusa", 
              "barcelona", 
              "gaborone", 
              "praia", 
              "saint tropez", 
              "raleigh", 
              "nanci", 
              "palo alto", 
              "glendale", 
              "ann harbor", 
              "caen", 
              "la paz", 
              "clermont ferrand", 
              "dhaka", 
              "houston", 
              "washington d c", 
              "geneva", 
              "leicester", 
              "bogota", 
              "liestal", 
              "algiers", 
              "wellington", 
              "reno", 
              "palikir", 
              "rome", 
              "utrecht", 
              "sunnyvale", 
              "roma", 
              "milwauke", 
              "portland", 
              "jerusalem", 
              "port elizabeth saint vincent and the grenadines", 
              "cupertino", 
              "leeuwarden", 
              "kairouan", 
              "kingstown", 
              "sofia", 
              "dusseldorf", 
              "oxford", 
              "aixenprovence", 
              "boulogne surmer", 
              "santa rosa", 
              "auckland", 
              "kampala", 
              "bouarfa", 
              "nicosia", 
              "rovaniemi", 
              "denton", 
              "belfast", 
              "montpellier", 
              "harare", 
              "grenoble", 
              "andorra la vella", 
              "neuchatel", 
              "victoria", 
              "st john", 
              "baghdad", 
              "tirana", 
              "perth", 
              "appenzell", 
              "sydney", 
              "berkeley", 
              "ljubljana", 
              "chur", 
              "perpignan", 
              "shravasti", 
              "tampa", 
              "citi of london", 
              "groningen", 
              "nuremberg", 
              "dodoma", 
              "bolzano", 
              "san jose", 
              "delhi", 
              "ciudad colon", 
              "munich", 
              "portauprince", 
              "glasgow", 
              "dakar", 
              "ar raqqah", 
              "tel aviv", 
              "astana", 
              "jacksonvill", 
              "casablanca", 
              "lincoln", 
              "beirut", 
              "cincinnati", 
              "malaga", 
              "leeuwarden", 
              "aarau", 
              "miami", 
              "zurich", 
              "fresno", 
              "orlando", 
              "ecbatana", 
              "cologn", 
              "long beach", 
              "fuzhou", 
              "london", 
              "windhoek", 
              "rouen", 
              "besancon", 
              "san jose del cabo", 
              "philipsburg", 
              "yerevan", 
              "bucharest", 
              "downey station", 
              "auckland", 
              "madrid", 
              "cocentaina", 
              "fort worth", 
              "santa cruz de tenerife", 
              "fukushima", 
              "cleveland", 
              "kolkata", 
              "halifax", 
              "pragu", 
              "vilnius", 
              "vienna", 
              "edinburgh", 
              "mianwali citi", 
              "seoul", 
              "singapor", 
              "moscow", 
              "albuquerqu", 
              "luxembourg", 
              "muscat", 
              "downey station", 
              "muscat", 
              "sarajevo", 
              "fujiwara kyo", 
              "columbus", 
              "majuro", 
              "fujiwara kyo", 
              "liestal", 
              "cape town", 
              "ulaanbaatar", 
              "st john s", 
              "indianapoli", 
              "rennes", 
              "vatican citi", 
              "bangalore", 
              "banjul", 
              "cagliari", 
              "brighton", 
              "port au princ", 
              "new delhi", 
              "stans", 
              "thiruvananthapuram", 
              "pyongyang", 
              "anchorage", 
              "frauenfeld", 
              "san marcos costa rica", 
              "fort worth", 
              "nairobi", 
              "melbourn", 
              "ghardaia", 
              "zug", 
              "jiankang", 
              "chiva", 
              "greensboro", 
              "lugdunum", 
              "vientiane", 
              "cambridg", 
              "fukuhara kyo", 
              "dalla", 
              "besancon", 
              "saint malo", 
              "washington", 
              "arvada", 
              "manama", 
              "annecy", 
              "vichy", 
              "cardiff", 
              "amsterdam", 
              "alcoi alcoy", 
              "jerusalem", 
              "kerma", 
              "norman", 
              "shimla", 
              "loreto", 
              "aarau", 
              "st georges", 
              "philadelphia", 
              "bratislava", 
              "tbilisi", 
              "petra", 
              "alcoi alcoy", 
              "patna", 
              "vichy", 
              "cairo", 
              "valencia", 
              "nagaoka kyo", 
              "kuni kyo", 
              "schwyz", 
              "vienna", 
              "brooklyn", 
              "lwowek slaski", 
              "turquoise mountain", 
              "san jose", 
              "frauenfeld", 
              "riga", 
              "rio de janeiro", 
              "detroit", 
              "washington dc", 
              "san antonio", 
              "lelystad", 
              "tunis", 
              "apia", 
              "alcoi alcoy", 
              "nassau", 
              "lilongwe", 
              "cordoba", 
              "austin", 
              "fukuharakyo", 
              "tel aviv", 
              "lugdunum", 
              "bucharest", 
              "beij", 
              "algiers", 
              "stockton", 
              "the hague", 
              "kairouan", 
              "abuja", 
              "santa elena", 
              "laayoune", 
              "nicosia", 
              "tucson", 
              "mumbai", 
              "port au princ", 
              "linguere", 
              "norman", 
              "kaliningrad", 
              "florenc", 
              "haarlem", 
              "lancast", 
              "groningen", 
              "le mont saint michel", 
              "sofia", 
              "chandigarh", 
              "lancast", 
              "la rochelle", 
              "kingston", 
              "willemstad", 
              "minneapoli", 
              "dakar", 
              "kuwait citi", 
              "nouakchott", 
              "barcelona", 
              "podgorica", 
              "panama citi", 
              "dunkirk", 
              "springfield", 
              "adelaid", 
              "kinshasa", 
              "chandigarh", 
              "caracas", 
              "istanbul", 
              "herisau", 
              "altdorf", 
              "westminst", 
              "maseru", 
              "annecy", 
              "athen", 
              "san antonio", 
              "nice", 
              "oranjestad", 
              "omaha", 
              "phoenix", 
              "vaduz", 
              "san jose", 
              "wichita", 
              "melbourn", 
              "solothurn", 
              "zug", 
              "la rochelle", 
              "amsterdam", 
              "san jose del cabo", 
              "fukuhara kyo", 
              "utqiagvik", 
              "st polten", 
              "bordeaux", 
              "baltimor", 
              "elizabeth", 
              "dushanbe", 
              "havana", 
              "fujiwarakyo", 
              "doha", 
              "papeete", 
              "port elizabeth saint vincent the grenadines", 
              "kuala lumpur", 
              "kralendijk", 
              "alexandria", 
              "ottawa", 
              "carcassonne", 
              "yaounde", 
              "nouakchott", 
              "nuuk", 
              "cardiff", 
              "glendale", 
              "oakland", 
              "orlean", 
              "kerma", 
              "warsaw"
            ], 
            "region": [
              "mississippi", 
              "wyom", 
              "minnesota", 
              "illinoi", 
              "indiana", 
              "nevada", 
              "louisiana", 
              "main", 
              "texa", 
              "kansa", 
              "minnesota", 
              "connecticut", 
              "west virginia", 
              "maryland", 
              "texa", 
              "iowa", 
              "michigan", 
              "utah", 
              "alaska", 
              "missouri", 
              "rhode island", 
              "south dakota", 
              "new jersey", 
              "washington", 
              "hawaii", 
              "ohio", 
              "maryland", 
              "arizona", 
              "iowa", 
              "oklahoma", 
              "delawar", 
              "oregon", 
              "montana", 
              "arkansa", 
              "massachusett", 
              "arizona", 
              "wisconsin", 
              "florida", 
              "rhode island", 
              "california", 
              "new mexico", 
              "ohio", 
              "florida", 
              "alaska", 
              "north carolina", 
              "nebraska", 
              "main", 
              "wyom", 
              "colorado", 
              "oklahoma", 
              "delawar", 
              "washington", 
              "tennesse", 
              "arkansa", 
              "new mexico", 
              "mississippi", 
              "south dakota", 
              "new jersey", 
              "north carolina", 
              "new york", 
              "california", 
              "indiana", 
              "louisiana", 
              "georgia", 
              "north dakota", 
              "west virginia", 
              "pennsylvania", 
              "oregon", 
              "connecticut", 
              "georgia", 
              "colorado", 
              "kentucki", 
              "nebraska", 
              "new hampshir", 
              "south carolina", 
              "nevada", 
              "north dakota", 
              "idaho", 
              "utah", 
              "virginia", 
              "illinoi", 
              "new hampshir", 
              "south carolina", 
              "idaho", 
              "vermont", 
              "kansa", 
              "hawaii", 
              "kentucki", 
              "virginia", 
              "montana", 
              "massachusett", 
              "wisconsin", 
              "alabama", 
              "vermont", 
              "pennsylvania", 
              "new york", 
              "tennesse", 
              "missouri", 
              "alabama", 
              "michigan"
            ]
          }, 
          "language_code": "en", 
          "tagging_scheme_code": 2, 
          "use_stemming": true
        }, 
        "drop_out": 0.1, 
        "factory_name": "entity_match", 
        "offsets": [
          -2, 
          -1, 
          0
        ]
      }, 
      {
        "args": {
          "entity_labels": [
            "snips/amountOfMoney", 
            "snips/ordinal", 
            "snips/number", 
            "snips/duration", 
            "snips/percentage", 
            "snips/temperature", 
            "snips/datetime"
          ], 
          "language_code": "en", 
          "tagging_scheme_code": 1
        }, 
        "factory_name": "builtin_entity_match", 
        "offsets": [
          -2, 
          -1, 
          0
        ]
      }, 
      {
        "args": {
          "cluster_name": "brown_clusters", 
          "language_code": "en", 
          "use_stemming": false
        }, 
        "factory_name": "word_cluster", 
        "offsets": [
          -2, 
          -1, 
          0, 
          1
        ]
      }
    ], 
    "random_seed": null, 
    "tagging_scheme": 1, 
    "unit_name": "crf_slot_filler"
  }, 
  "crf_model_file": "modelRLDayx.crfsuite", 
  "intent": "searchWeatherForecast", 
  "language_code": "en", 
  "slot_name_mapping": {
    "forecast_country": "country", 
    "forecast_geographical_poi": "geographicalPOI", 
    "forecast_locality": "locality", 
    "forecast_region": "region", 
    "forecast_start_datetime": "snips/datetime"
  }, 
  "unit_name": "crf_slot_filler"
}